img_path,"summary",category
mturk_charts/no_data_remaining/multi_col/12.png,"The new national survey by Pew Research Center, conducted Nov. 18 to 29 among 12,648 U.S. adults, finds that amid a rising number of COVID-19 cases in the U.S., the public’s outlook for the country has darkened: 71% say they think the worst of the outbreak is still to come, up from 59% who said this in June.",good
mturk_charts/no_data_remaining/multi_col/11.png,"While the total number of COVID-19 deaths in Democratic districts remains higher overall, new deaths have been higher on average in Republican-controlled districts since the end of July. New deaths in Republican controlled districts began increasing in mid-October while they were still falling somewhat overall in Democratically controlled districts. However, since November, deaths have been rising in both Republican and Democratic districts.",good
mturk_charts/no_data_remaining/multi_col/13.png,"Majorities across all major demographic groups say they are not too or not at all bothered by stores and businesses requiring a face-covering. Republicans are relatively more likely to say they are bothered by this than Democrats. Still, just 36% of Republicans are bothered a lot or some by such requirements, compared with 64% who say the requirements don’t bother them much or at all. Large shares of Americans across groups report wearing a mask when out in public. Nearly nine-in-ten (87%) adults say they have worn a mask or face covering all or most of the time when in stores and businesses over the past month, including 91% of Democrats and 81% of Republicans. While a slightly larger majority of Democrats than Republicans reports wearing a mask in stores, the partisan gap is much smaller than it was in June (23 points).",unquestionable
mturk_charts/no_data_remaining/multi_col/14.png,"Democrats remain far more likely than Republicans to say the outbreak is a major threat to public health: 84% of Democrats and those who lean toward the Democratic Party say this, compared with 43% of Republicans and Republican leaners. The partisan gap on this question remains about as wide as it has been at any point during the outbreak.",good
mturk_charts/no_data_remaining/multi_col/15.png,"Those who support different political parties also differed in their opinions of Iran. In the U.S., 82% of Republicans and those who lean toward the GOP viewed Iran negatively, compared with seven-in-ten Democrats and Democratic leaners. Despite shifts in U.S.- Iran relations since 2010, divides in assessments of Iran between parties have been largely stable over this time period.",good
mturk_charts/no_data_remaining/multi_col/16.png,"Following the 2020 elections, members of both parties are generally optimistic about the future of their parties. More than eight-in-ten Democrats (83%) today say that they are either very or somewhat optimistic about the future of the Democratic Party, and nearly three-quarters of Republicans (74%) say the same about their party.",good
mturk_charts/no_data_remaining/multi_col/17.png,"American views of NATO are shaped by political party affiliation, according to past Pew Research Center surveys. Historically, Democrats and Democratic-leaning independents are more likely to express a favorable opinion of the organization than Republicans and Republican-leaning independents. In the summer of 2020, seven-in-ten Democrats had a favorable view of NATO, compared with less than half (46%) of their Republican counterparts, a difference of 24 percentage points. Among Democrats, NATO favorability has ticked up from 61% in 2019 to 70% this summer. Republican views of the alliance have held steady at roughly half since 2009, although in 2013, a record low of only 43% held a positive view of NATO.",good
mturk_charts/no_data_remaining/multi_col/18.png,"The U.S. is the leading defense spender among member states, committing an estimated 3.87% of GDP to defense expenditures in 2020. Nine other countries – including several in Central and Eastern Europe – also meet NATO’s 2% threshold. Just one country – Luxembourg – spends less than 1% of GDP on defense. While Trump has been openly critical of the level of allies’ defense spending, estimated defense expenditures as a share of GDP have risen since 2016, not only in the U.S. but among key NATO allies as well. For example, this year marks the first in which France is estimated to spend over 2% of GDP on defense. The UK has already reached this threshold, and German defense spending is on the rise.",unquestionable
mturk_charts/no_data_remaining/multi_col/19.png,"While previous research on the labor market shows that the pandemic has similarly affected mothers and fathers overall from September 2019 to September 2020, a new Pew Research Center analysis finds that the share of unpartnered mothers who are employed and at work has fallen more precipitously than among other parents. In September 2020, six months since the onset of the COVID-19 outbreak, 67.4% of unpartnered mothers with children younger than 18 at home were working – employed and on the job – compared with 76.1% in September 2019. This 9 percentage point drop is the largest among all groups of parents, partnered or not. Unpartnered fathers experienced a less severe decrease (4 points), about the same as the drop seen by partnered mothers and fathers (about 5 points each).",good
mturk_charts/no_data_remaining/multi_col/20.png,"Presidents have generally become less forgiving over time, at least when looking at the proportion of clemency requests they have granted. Every president from McKinley to Carter granted clemency to at least 20% of those who asked for it, according to the Justice Department data. But the percentages have fallen to the single digits for every president since George H.W. Bush, including Obama, who granted clemency to just 5% of those who petitioned him for it. Obama’s relatively low percentage, however, is largely due to the fact that his administration encouraged federal prisoners to apply for leniency under a program known as the Clemency Initiative. The program, which launched in April 2014 and ended in 2017 when Obama left office, allowed “qualified federal inmates” – those who met certain Justice Department criteria – to apply to have their prison sentences commuted. The initiative led to a surge in petitions and helps explain why Obama’s use of clemency tilted so heavily toward sentence commutations, rather than pardons.",unquestionable
mturk_charts/no_data_remaining/multi_col/21.png,"As the United States and Germany prepare to gain new leadership in 2021, their current relationship remains unbalanced in the minds of their citizenries. In surveys conducted by Pew Research Center and Körber-Stiftung before the U.S. presidential election, an overwhelming majority of Americans continue to say that relations between the two countries are good. At the same time, almost eight-in-ten Germans say the relationship is in poor shape. Since 2017, the proportion of Germans saying that relations with the U.S. are bad has increased 23 percentage points, while Americans’ views of the relationship have remained relatively steady. These findings are in line with previous research, which found that Germans rated the U.S. at a 20-year low, said the U.S. had handled the coronavirus outbreak poorly and held little confidence in President Donald Trump.",good
mturk_charts/no_data_remaining/multi_col/22.png,"Property crime in the U.S. is much more common than violent crime. In 2019, the FBI reported a total of 2,109.9 property crimes per 100,000 people, compared with 379.4 violent crimes per 100,000 people. Both the FBI and BJS data show dramatic declines in U.S. violent and property crime rates since the early 1990s, when crime spiked across much of the nation. Using the BJS statistics, the declines in the violent and property crime rates are even steeper than those reported by the FBI. Per BJS, the overall violent crime rate fell 74% between 1993 and 2019, while the property crime rate fell 71%.",good
mturk_charts/no_data_remaining/multi_col/23.png,"This year, the gap between the share of Americans who say crime is up nationally and the share who say it is up locally (78% vs. 38%) is the widest Gallup has ever recorded.",good
mturk_charts/no_data_remaining/multi_col/24.png,"Most violent and property crimes in the U.S. are not reported to police, and most of the crimes that are reported are not solved. In its annual survey, BJS asks crime victims whether they reported their crime to police or not. In 2019, only 40.9% of violent crimes and 32.5% of household property crimes were reported to authorities. BJS notes that there are a variety of reasons why crime might not be reported, including fear of reprisal or “getting the offender in trouble,” a feeling that police “would not or could not do anything to help,” or a belief that the crime is “a personal issue or too trivial to report.” Most of the crimes that are reported to police, meanwhile, are not solved, at least based on an FBI measure known as the clearance rate. That’s the share of cases each year that are closed, or “cleared,” through the arrest, charging and referral of a suspect for prosecution, or due to “exceptional” circumstances such as the death of a suspect or a victim’s refusal to cooperate with a prosecution. In 2019, police nationwide cleared 45.5% of violent crimes that were reported to them and 17.2% of the property crimes that came to their attention.",good
mturk_charts/no_data_remaining/multi_col/25.png,"Voters who cast their ballots for President-elect Joe Biden are much more hopeful than Biden supporters were in June: 72% now say they are hopeful about the country, compared with 42% then. There also has been a sharp decline in the share of Biden supporters who feel angry, from 80% then to 56% now.",good
mturk_charts/no_data_remaining/multi_col/26.png,"These positive evaluations also extended to the Brussels-based institution, more broadly, which a median of 66% rated favorably this summer. In Germany, EU favorability reached a record high in the more than 15 years Pew Research Center has been surveying on the topic, with 73% of Germans offering positive assessments of the bloc. In most other EU member states surveyed, ratings largely held steady or improved since last year. In the United Kingdom – in the Center’s first survey of the country since it formally left the EU on Jan. 31, 2020 – the 60% who said they had positive views of the EU is also a historic high, and up 6 percentage points since last year.",good
mturk_charts/no_data_remaining/multi_col/27.png,"The United Kingdom is the only European country included in this survey that is not a member of the European Union, having left the EU on Jan. 31, 2020, three and a half years after the June 2016 Brexit referendum. But, in this first Pew Research Center survey since the country formally left the bloc, views of the European Union climbed to a new historic high, with 60% saying they had a favorable view of the Brussels-based organization. Britons were also very divided in their assessments of the EU. For example, 71% of Britons ages 18 to 29 expressed a favorable view of the EU, while only 49% of those 50 and older said the same. This 22 percentage point gap is the largest among the nine European countries surveyed. Similarly, Britons with a postsecondary education or more tended to have more favorable views of the EU than those with less education – and, once again, the 21-point educational gap is the largest across the European countries. Britons who placed themselves on the left of the ideological spectrum were also more likely to have a favorable opinion of the EU than those who were on the ideological right, and the 29-point gap between those on the left and those on the right was the largest in Europe. Partisan preferences also shaped EU assessments. Britons with favorable views of the governing Conservative Party were less likely than those with unfavorable views of the party to express a positive opinion of the EU. The same was true of Britons who had a favorable view of the Brexit Party, which campaigned on the UK leaving the EU in a “clean break.” However, among supporters of the Labour and Liberal Democrat parties, the pattern was reversed: Those who had favorable opinions of each party were more likely to have a positive view of the EU than those with unfavorable opinions of the parties.",good
mturk_charts/no_data_remaining/multi_col/28.png,"Knowledge of QAnon grew on both sides of the political aisle, though Democrats’ awareness continues to outpace that of Republicans. As of September, more than half (55%) of Democrats and those who lean Democratic say they have heard at least a little about the conspiracy theories, compared with 39% of Republicans.",good
mturk_charts/no_data_remaining/multi_col/29.png,"Government restrictions in 2018 were at their highest level since 2007, when Pew Research Center began tracking these trends. The global median score on the Government Restrictions Index (a 10-point scale based on 20 indicators) rose to 2.9 in 2018 from 2.8 a year earlier. That was partly due to an increase in the number of governments using force – such as detentions and physical abuse – to coerce religious groups. While the index increase in 2018 was relatively small, government restrictions have grown substantially from a median score of 1.8 in 2007. At the same time, the number of countries with “high” or “very high” levels of government restrictions has also been climbing. Most recently, 56 countries – or 28% of all 198 countries and territories in the study – fell into one of those two categories.",good
mturk_charts/no_data_remaining/multi_col/30.png,"Asia and the Pacific had the largest increase in government restrictions, while the Middle East and North Africa region continued to have the highest median level of restrictions. The median score among the Asia Pacific region’s 50 countries rose to 4.4 in 2018 from 3.8 a year earlier. In 2018, roughly six-in-ten countries in the region (62%) experienced some level of government force related to religion, up from about half (52%) in 2017. In Burma, also known as Myanmar, thousands of people from religious minorities continued to be displaced. And in Uzbekistan, at least 1,500 Muslims remained in prison on charges of extremism or membership in banned groups. Social hostilities fell slightly in 2018 but remained near the 2017 peak. The median level of religion-related hostilities by private individuals, organizations or groups in society fell to 2.0 from 2.1 on the 10-point Social Hostilities Index. While this index has doubled in the past decade, it has seen more year-to-year fluctuations compared with government restrictions. The decline in 2018 is partly due to fewer reports of incidents in which some religious groups (usually of a majority faith in a country) attempted to prevent other religious groups (usually of minority faiths) from expressing their beliefs. Globally, the number of countries with “high” or “very high” levels of social hostilities involving religion stood at 53 in 2018, or 27% of all countries studied.",unquestionable
mturk_charts/no_data_remaining/multi_col/31.png,"Overwhelming majorities of both Biden and Trump supporters said in October that a victory by the other candidate would lead to lasting harm to the nation. Nine-in-ten Biden voters said this about the prospect of a Trump victory, and 89% of Trump voters said it about the prospect of a Biden win. And around eight-in-ten in both camps said Biden and Trump supporters not only disagree over politics and policies, but that they also disagree over core American values and goals.",good
mturk_charts/no_data_remaining/multi_col/32.png,"Border Patrol agents apprehended about half as many migrants at the U.S.-Mexico border in fiscal 2020 as they did the year before, according to newly released federal data. The sharp drop in the number of apprehended migrants follows a virtual shutdown of the border and new restrictions in the way asylum cases are handled in response to the coronavirus outbreak. Following a dramatic rise in fiscal 2019, apprehensions at the U.S.-Mexico border fell by about half in fiscal 2020 as COVID-19 closed borders. There were 400,651 apprehensions in the 2020 fiscal year (October 2019-September 2020), a 53% decrease from the previous fiscal year, when apprehensions soared to their highest level in 12 years. The fiscal 2020 total was generally on par with other recent years and far below the 1,643,679 recorded in the peak year of 2000. Border apprehensions regularly exceeded 1 million per fiscal year during the 1980s, 1990s and 2000s.",good
mturk_charts/no_data_remaining/multi_col/33.png,"In March, Mexico restricted nonessential travel across its border with the United States, while the governments of El Salvador, Guatemala and Honduras also implemented restrictions on movement. Most migrants apprehended at the U.S.-Mexico border in recent years have come from Mexico and Central American nations. In a shift, Mexicans far outnumbered non-Mexicans among those apprehended at the border in fiscal 2020. Mexican citizens accounted for 63% of the total number apprehended, marking the first year in the last five in which they outnumbered citizens of other countries. The change represents a return to the pattern observed throughout the 2000s and 2010s. For example, in 2000 (the earliest year for which data is available), Mexicans accounted for 98% of apprehensions while non-Mexicans accounted for just 2%. Border agents apprehended a total of 253,118 Mexicans in fiscal 2020, up from 166,458 the year before and the highest total in seven years. The increase comes despite a steep decline in apprehensions of Central American migrants in fiscal 2020. The U.S. apprehended 47,243 migrants from Guatemala, down from 264,168 the year before; 40,091 from Honduras, down from 253,795; and 16,484 from El Salvador, down from 89,811.",unquestionable
mturk_charts/no_data_remaining/multi_col/34.png,"But votes cast on Election Day have grown steadily less significant over the past several election cycles as a share of total votes cast, according to a Pew Research Center analysis of two datasets. In 1996, 89.5% of voters reported voting in person on Election Day, according to the Census Bureau’s post-election surveys. As recently as 2006, that share was 80.4%. But then the in-person Election Day portion of the vote began to skid, falling to below 60% each election cycle since 2014. The trend also is evident in the biennial Election Administration and Voting Survey (EAVS), conducted by the U.S. Election Assistance Commission, a federal agency charged with helping states meet federal election rules. The survey, which gathers voting, registration and election-administration data from state and local officials, found that the share of votes cast at physical polling places on Election Day fell from 75.1% in 2006 to 55.4% in 2018.",good
mturk_charts/no_data_remaining/multi_col/35.png,"For one thing, not all registered voters end up voting. In 2016, around 87% of registered voters cast a ballot, according to a Pew Research Center analysis of Census Bureau data shortly after that year’s election.",good
mturk_charts/no_data_remaining/multi_col/36.png,"Because of the COVID-19 downturn, the share of men overall who are working is at a record low. Among women, the share who are working is the lowest since the mid-1980s, when labor force participation among women was much lower and still on the rise. In September 2020, 49.2% of women ages 16 and older were employed and at work, down from 54.0% in September 2019. Among men, the share who are active decreased from 65.3% in September 2019 to 60.5% in September 2020, the lowest on record since 1976, when data first became available.",good
mturk_charts/no_data_remaining/multi_col/37.png,"Across most battleground states, a majority of Black eligible voters live in the top three largest metropolitan areas in the state. In Georgia, Arizona, Pennsylvania, Michigan and Wisconsin, a large majority of Black eligible voters live in each state’s largest metro area. In Ohio, Florida, North Carolina and Iowa, Black eligible voters are more evenly distributed across several metro areas.",good
mturk_charts/no_data_remaining/multi_col/38.png,"Roughly four-in-ten Americans (37%) say they have ever used Instagram online or on their cellphone, according to a survey conducted in January and February of 2019. The share of U.S. adults who say they have ever used the site has grown from 9% in 2012, when the Center first began asking about the platform. At the time of the survey, though Instagram had grown to be one of the more popular online platforms in the United States, most Americans still did not use it, unlike the two most popular social media platforms – YouTube and Facebook – which were used by majorities of U.S. adults (73% and 69%, respectively).",good
mturk_charts/no_data_remaining/multi_col/39.png,"There currently are 5.30 million registered Democrats and 5.17 million registered Republicans in the state – an edge of about 134,000 voters in favor of the Democrats. But the size of that margin has fallen from 327,000 in 2016 and 658,000 in 2008.",good
mturk_charts/no_data_remaining/multi_col/40.png,"About 2.5 million Latinos are registered to vote in Florida for the 2020 presidential election, making up a record 17% of the state’s total. This is up from 2016, when about 2 million Latinos were registered to vote, accounting for 16% of Florida’s registered voters, according to a Pew Research Center analysis of Florida state government data.",good
mturk_charts/no_data_remaining/multi_col/41.png,"Democrats outnumber Republicans among Hispanic registered voters in Florida, and this gap has widened since 2016. This year, about 948,000 Hispanic voters are registered as Democrats (amounting to about 38% of the Hispanic total in Florida), while roughly 640,000 are registered as Republicans (26% of the total). An additional 880,000 Hispanic Floridians are registered with no party affiliation (35% of the total). This year’s Democratic advantage of around 308,000 Hispanic registered voters is up from an advantage of 284,000 four years ago. In 2016, 798,000 Hispanics in Florida were registered Democrats while 514,000 were registered Republicans.",good
mturk_charts/no_data_remaining/multi_col/42.png,"In the U.S., Democrats and Democratic-leaning independents are significantly more likely to view climate change as a major threat than Republicans and Republican-leaning independents. While 85% of Democrats say global warming poses a significant threat to the U.S., only 31% of Republicans say the same. The share of Americans who say climate change is a major threat to the U.S. has increased from 2012, but this rise in concern has come mostly from Democrats (+26 percentage points since 2012). The share of Republicans saying this has increased just 8 points over the same period. This aligns with previous Pew Research Center surveys on Americans’ views of climate change.",good
mturk_charts/no_data_remaining/multi_col/43.png,"Most U.S. adults on Twitter post only rarely. But a small share of highly active users, most of whom are Democrats, produce the vast majority of tweets. The Center’s analysis finds that just 10% of users produced 92% of all tweets from U.S. adults since last November, and that 69% of these highly prolific users identify as Democrats or Democratic-leaning independents.",good
mturk_charts/no_data_remaining/multi_col/44.png,"And as is also true of the accounts they follow, a small subset of these accounts were mentioned at least once during this time period by a notable share of all U.S. adults on Twitter. Trump (@realDonaldTrump) was mentioned by 12% of U.S. adults on that platform during that period – and by comparable shares of Democrats (13%) and Republicans (12%). Biden (@JoeBiden) and the video-sharing site YouTube (@YouTube) also rank among the three most mentioned accounts during this period for Democrats and Republicans alike.",good
mturk_charts/no_data_remaining/multi_col/45.png,"Majority of voters are confident election systems are secure from technological threats. Overall, 56% of voters say they are very or somewhat confident that election systems in the U.S. are secure from hacking and other technological threats. That is higher than the share of voters who said this two years ago (47%). Democratic voters, in particular, have become more confident; the share of Biden supporters who are confident election systems are secure from technological threats is 19 percentage points higher today when compared with supporters of Democratic congressional candidates in the 2018 midterms (53% now, 34% then). There has been less change among those backing GOP candidates in 2018 and Trump supporters today (60% now, 65% then).",good
mturk_charts/no_data_remaining/multi_col/46.png,"Interest in the election is as high as it has been in two decades, a separate summer 2020 survey found. For instance, 75% of voters say they have thought quite a lot about the election – higher than for most other elections dating back to 1992. Yet voters increasingly view the formerly routine act of casting a ballot as a something of a challenge. In August, just half of registered voters expected it would be easy to vote in the November presidential election, down 35 percentage points since before the midterm elections of 2018.",good
mturk_charts/no_data_remaining/multi_col/47.png,"That was a different era, one in which there was far less partisan acrimony and voters saw less importance in the outcome of the election than they do today. Twenty years ago, just half of voters said it really mattered; as of August, 83% express this view.",good
mturk_charts/no_data_remaining/multi_col/48.png,"This year marks the centennial of the ratification of the 19th Amendment to the United States Constitution, which guarantees women the right to vote. But the United States was hardly the first country to codify women’s suffrage, and barriers to vote persisted for some groups of U.S. women for decades. At least 20 nations preceded the U.S., according to a Pew Research Center analysis of women’s enfranchisement measures in 198 countries and self-administering territories. Today, none of these 198 countries and territories bar women from voting because of their sex; some countries do not hold national elections.",complex
mturk_charts/no_data_remaining/multi_col/49.png,"Looking at employment, a similar trend emerges. In many of the cities where groups were conducted, participants expressed concerns that the declining high streets meant limited employment opportunities. Yet, in the regions where the groups took place, employment on high streets actually grew when accounting for sectors beyond retail, even while employment on high streets in retail fell in all regions but London. And while London did see growth in retail employment on high streets, it was roughly even with the city’s population growth, which also stood at 6% between 2012 and 2017.",good
mturk_charts/no_data_remaining/multi_col/50.png,"In recent years, impressions of Germany’s leader have differed by Americans’ partisan identification. Democrats and independents who lean to the Democratic Party are now much more likely than Republicans and Republican leaners to say they have confidence in Merkel (76% vs. 50%). Earlier in Merkel’s tenure, Democrats and Republicans barely differed in their views.",good
mturk_charts/no_data_remaining/multi_col/51.png,"Americans continue to mostly say these long-term shifts are neither good nor bad for the country. However, the share that views the long-term growth of racial and ethnic diversity as good for the U.S. is higher than it was in 2016. Currently, 64% of U.S. adults say the prospect of a nation in the next 25 to 30 years in which Black Americans, Latinos and Asian Americans make up a majority of the population is neither good nor bad for the country. Nearly a quarter (24%) say this is a good thing, while fewer than half as many (11%) say it is bad, according to a national survey by Pew Research Center, conducted July 27-Aug. 2 among 11,001 adults. (The survey question did not include all racial and ethnic groups, such as Native Hawaiians, Pacific Islanders, American Indians and Alaska Natives, or multiracial Americans, in its wording about the nation’s future diversity.) While these views have changed little since 2018, the public expresses more positive – and less negative – views of the long-term rise in racial and ethnic diversity than it did four years ago, during the last presidential campaign. Since then, the share saying a majority Black, Hispanic and Asian population is a good thing has increased by 10 percentage points, while there has been a comparable decline (11 points) in the share saying it is bad thing.",good
mturk_charts/no_data_remaining/multi_col/52.png,"The new international survey in publics across Europe, the Asia-Pacific region, and in the U.S., Canada, Brazil and Russia comes as the global landscape for scientific research and innovation has shifted. In the past, the U.S. has had the largest share of spending globally on research and development. Sweden, Germany and Japan have also made sizable investments in research and development over time. But recent years have seen increased investments by Taiwan, South Korea and mainland China.",good
mturk_charts/no_data_remaining/multi_col/53.png,"In views of the Supreme Court’s ideology, the overall pattern of opinion was similar, though there were some differences in the point estimates between the online and telephone surveys: Far fewer adults today said the court was liberal than said this for much of the last decade. This includes declining shares of Republicans and Democrats who expressed this view. As has been true for the last several years, more adults said the Supreme Court is “middle of the road” than conservative or liberal. Still, in both the phone and online surveys, larger shares said the Supreme Court was conservative than liberal.",good
mturk_charts/no_data_remaining/multi_col/54.png,"Partisan alignment does not tell the whole story when it comes to voting patterns. Voter turnout rates – or the share of U.S. citizens ages 18 and older who cast a ballot – also vary widely across racial and ethnic groups. White adults historically have had the highest rate of voter turnout: About two-thirds of eligible White adults (65%) voted in the 2016 election. Black adults have also historically had relatively high rates of voter turnout, though typically slightly lower than White adults. There was an exception to this pattern in 2008 and 2012, when Black voter turnout matched or exceeded that of Whites. By contrast, Asian and Hispanic adults have had historically lower voter turnout rates, with about half reporting that they voted in 2016.",good
mturk_charts/no_data_remaining/multi_col/55.png,"Americans are more favorable toward the UN than not: 62% have a positive view, while 31% have a negative view. The U.S. public’s views of the organization have been relatively consistent in recent years. Still, there has been a large upward shift in approval from 2007, when 48% of Americans had a favorable view of the UN.",good
mturk_charts/no_data_remaining/multi_col/56.png,"While Americans’ views of the UN have remained generally stable overall since 2007, Democrats and Republicans consistently express differing views about the organization, and the size of the partisan gap has increased over time. This year, for example, 85% of Democrats are positive on the UN, compared with just 39% of Republicans, a difference of 46 percentage points.",good
mturk_charts/no_data_remaining/multi_col/57.png,"The Japanese public stands out as the most unfavorable toward the UN among all countries surveyed in 2020. A majority (55%) express a negative sentiment with the organization, up 20 percentage points from 2019 and the highest share since this question was first asked in 2006. In contrast, just 29% express a favorable view of the UN, a drop of 18 points from the 47% who said the same in 2019. Favorable views of the UN in Japan reached their peak in 2011. That year, 61% rated the organization positively in the aftermath of the Tōhoku earthquake and tsunami, a period during which the UN provided disaster relief to Japan.",good
mturk_charts/no_data_remaining/multi_col/58.png,"U.S. Catholics are split down the middle politically. Around half of Catholic registered voters (48%) describe themselves as Republicans or say they lean toward the Republican Party, while roughly the same share (47%) identify with or lean toward the Democratic Party, according to Pew Research Center polls in 2018 and 2019.",good
mturk_charts/no_data_remaining/multi_col/59.png,"White and Hispanic Catholics are very different politically. Nearly six-in-ten White Catholic registered voters (57%) identify with or lean toward the Republican Party, marking a big shift since 2008, when four-in-ten (41%) supported the GOP. Most Hispanic Catholic voters (68%), meanwhile, identify as Democrats or lean Democratic, a share that has remained fairly stable in the past decade. (Two-thirds of Catholic registered voters are White, while a quarter are Hispanic, according to data collected in 2018 and 2019.)",good
mturk_charts/no_data_remaining/multi_col/60.png,"Attitudes toward Trump have consistently been much more negative than those toward his predecessor, Barack Obama, especially in Western Europe. In the UK, Spain, France and Germany, ratings for Trump are similar to those received by George W. Bush near the end of his presidency.",good
mturk_charts/no_data_remaining/multi_col/61.png,"Like all countries surveyed this year, Canada’s favorable rating of the U.S. dropped sharply in 2017 as confidence in the U.S. president plummeted. In the more than three years since Trump first took office, views have slowly shifted, but 2020 sees the lowest ratings for the U.S. in Canada since Pew Research Center began polling there almost two decades ago. Only 35% of Canadians have a favorable view of their southern neighbor, and 20% trust Trump to do what is right regarding world affairs.",good
mturk_charts/no_data_remaining/multi_col/63.png,"South Korea has seen a steep decline in favorable views of the U.S. since last year, but it is the only country surveyed where a majority still holds a positive opinion. At the same time, trust in the U.S. president has dropped substantially. South Koreans’ confidence in Trump more than doubled from 2017 to 2018 and remained at that level in 2019. That year, 78% of Koreans approved of Trump’s policy to negotiate with North Korean leader Kim Jong Un about the country’s nuclear weapons program. Current ratings are back to their 2017 low: Only 17% believe Trump would do the right thing regarding world affairs.",good
mturk_charts/no_data_remaining/multi_col/62.png,"Germans give the U.S. some of its worst ratings in the survey. Only 26% have a positive view of America, while just 10% have confidence in Trump when it comes to his handling of world affairs. These opinions are in stark contrast to the very favorable assessments Germans had during Barack Obama’s presidency, but roughly on par with views at the end of George W. Bush’s tenure.",good
mturk_charts/no_data_remaining/multi_col/64.png,"Among Republicans, trust in the federal government has increased since the end of Barack Obama’s presidency. A within-administration moving average places the average share of Republicans who trusted the federal government just about always or most of the time at 11% shortly before the 2016 presidential election. The average share of Republicans expressing trust in the federal government increased to 25% in April 2017 and currently stands at 28%. Today, just 12% of Democrats trust the federal government to do what is right – an historic low. Prior to Trump’s inauguration, the lowest average share of Democrats saying they trusted the government always or most of the time over the more than 60 years since the question was first asked, was 17%, towards the end of George W. Bush’s administration (and prior to the 2008 election) in 2008. More Democrats now say they never trust the federal government to do what is right (17%) than say they can trust it always or most of the time.",good
mturk_charts/no_data_remaining/multi_col/65.png,"Overall feelings about the federal government are little different than they were in March 2019. About a quarter (24%) say they feel angry toward the federal government today (21% said this in March 2019). A 57% majority reports frustration, while 18% say they are basically content. Overall feelings toward the federal government have been remarkably stable over the past five years. The shares who say they are angry (22%), frustrated (57%) and content (18%) with the government are each identical or nearly identical to October 2015.",good
mturk_charts/no_data_remaining/multi_col/66.png,"While the overall share who are angry is unchanged, Republicans and Democrats have moved in opposite directions since 2015. A year before the 2016 presidential election, one-third of Republicans said they were angry with the government, compared with about one-in-ten Democrats (11%). About a year after Trump’s inauguration, the share of Republicans saying they were angry had declined to 19%, while the share of Democrats saying this had increased to 29%. Today, about one-third of Democrats (34%) say they are angry, compared with just 14% of Republicans.",good
mturk_charts/no_data_remaining/multi_col/67.png,"Nearly six-in-ten U.S. adults (59%) say the government should do more to solve problems, compared with about four-in-ten (39%) who say government is doing too many things better left to businesses and individuals. The share who say government should do more to solve problems has increased slightly, by 4 percentage points, since September 2019. The share who say this is 12 points higher than it was in April 2015. While two-thirds of Republicans (66%) say that government is doing too many things better left to businesses and individuals, the share of Republicans and Republican leaners who say government should do more to solve problems has increased – from 23% to 32% – since 2015. Among Democrats and Democratic leaners, the share who say government should do more to solve problems has increased from about two-thirds (68%) in 2015 to about eight-in-ten (82%) today.",good
mturk_charts/no_data_remaining/multi_col/68.png,"About half of Americans (52%) say they prefer a bigger government providing more services, while 45% say they prefer a smaller government providing fewer services. Men are nearly evenly divided, with about half (51%) preferring a smaller government and a similar share (48%) preferring a larger government. Among women, a majority (56%) prefer a bigger government, while four-in-ten prefer a smaller government. White adults are much more likely than Black or Hispanic adults to prefer a smaller government providing fewer services. There are notable differences among age groups, as well: More than six-in-ten adults ages 18 to 29 (64%) prefer a bigger government, as do a narrower majority of 30 to 49-year-olds (56%). Adults ages 50 to 64 are evenly divided, while those 65 and older are the only age group in which a majority (55%) prefer a smaller government. Republicans and Democrats are sharply divided in their views of the size of government. About three-quarters of Republicans (74%) say they prefer a smaller government providing fewer services. A nearly identical share of Democrats (76%) say they prefer a bigger government providing more services. Among conservative Republicans, more than eight-in-ten (83%) prefer a smaller government that provides fewer services; an identical share of liberal Democrats prefer a larger government that provides more services.",good
mturk_charts/no_data_remaining/multi_col/69.png,"The share of Latinos in the U.S. who speak English proficiently is growing. In 2018, 71% of Latinos ages 5 and older spoke English proficiently, up from 59% in 2000. U.S.-born Latinos are driving this growth, as their share on this measure has grown from 81% to 90% during this time. By comparison, 37% of Latino immigrants spoke English proficiently in 2018, a percentage that has increased only slightly since 1980.",good
mturk_charts/no_data_remaining/multi_col/70.png,"Three-quarters of U.S. adults say technology companies have a responsibility to prevent the misuse of their platforms to influence the 2020 presidential election, but only around a quarter say they are very or somewhat confident in these firms to do so, according to a Pew Research Center survey conducted July 27-Aug. 2. The survey comes as Facebook and other major tech companies make efforts to limit political misinformation ahead of the November election. Since 2018, majorities of Americans have said that tech companies like Facebook, Twitter and Google have a responsibility to prevent misuse of their platforms to influence elections. However, the share of Republicans and Republican-leaning independents who say tech companies have this responsibility has declined since January, from 75% to 64%. Among Democrats and Democratic leaners, an overwhelming majority continues to say tech companies are responsible for preventing misuse of their platforms (85% today, up from 81% in January).",good
mturk_charts/no_data_remaining/multi_col/71.png,"The coronavirus outbreak has pushed millions of Americans, especially young adults, to move in with family members. The share of 18- to 29-year-olds living with their parents has become a majority since U.S. coronavirus cases began spreading early this year, surpassing the previous peak during the Great Depression era.",good
mturk_charts/no_data_remaining/multi_col/72.png,"The results of U.S. Senate elections increasingly are aligned with states’ party preferences in presidential elections – a trend that could have major implications in this year’s battle for control of the Senate. The vast majority of the regular and special Senate elections held since 2012 – 122 of 139 – have been won by candidates who belonged to or were aligned with the party that won that state’s most recent presidential race, according to a Pew Research Center analysis of election results going back to 1980. That represents a marked contrast with prior years: As recently as 2006, nearly a third of Senate contests (10 out of 33) were won by candidates of different parties than their state’s most recent presidential pick.",good
mturk_charts/no_data_remaining/multi_col/74.png,"Recent surveys by Pew Research Center and other organizations have shown public divides over science-related issues such as climate change and food science. But public confidence in the scientific community as a whole has remained stable for decades, according to data collected by NORC, an independent research organization at the University of Chicago. In the group’s 2018 General Social Survey, the most recent available, 44% of Americans overall have a great deal of confidence in the scientific community, while 47% have only some confidence and 7% have hardly any. This was roughly the same share as in 2016, when 40% said they had a great deal of confidence in scientific leaders. (The 4-percentage-point uptick does not reach statistical significance.) Public confidence in the scientific community stands out as among the most stable of about a dozen institutions rated in the GSS since the mid-1970s. Confidence in medicine has been somewhat less stable, however. It declined in the early 1990s and has ticked downward again in more recent years, from 41% in 2010 to 36% in 2016 and 37% in NORC’s most recent survey.",good
mturk_charts/no_data_remaining/multi_col/75.png,"In the group’s 2018 General Social Survey, the most recent available, 44% of Americans overall have a great deal of confidence in the scientific community, while 47% have only some confidence and 7% have hardly any. This was roughly the same share as in 2016, when 40% said they had a great deal of confidence in scientific leaders. (The 4-percentage-point uptick does not reach statistical significance.) Public confidence in the scientific community stands out as among the most stable of about a dozen institutions rated in the GSS since the mid-1970s. Confidence in medicine has been somewhat less stable, however. It declined in the early 1990s and has ticked downward again in more recent years, from 41% in 2010 to 36% in 2016 and 37% in NORC’s most recent survey. Public confidence in the science community and in medicine is higher than in many other institutions. Confidence is highest for leaders of the military, with 60% expressing a great deal of confidence. At the opposite end of the spectrum, just 13% of Americans express a great deal of confidence in the press and 6% say the same about Congress. On average, confidence in institutions is lower today than it was in the mid-1970s.",good
mturk_charts/no_data_remaining/multi_col/73.png,"About a quarter (26%) of White Republicans have a great deal of confidence in scientists to act in the public interest, but there are not enough Black Republicans in the survey sample for separate analysis. There are also differences between White and Black adults on a similar question in the most recent GSS. In 2018, that survey found that 47% of White adults had a great deal of confidence in leaders of the scientific community, compared with 30% of Black adults (a 17 percentage point difference). Overall, 55% of Black adults said they had “only some confidence” in scientific leaders, and 12% said they had hardly any confidence in scientific leaders. White adults were less likely to express these views: 46% had only some confidence in scientists and 5% had hardly any. The views of Hispanics fell between those of White and Black Americans. The gap between Black and White adults has been consistent in GSS surveys over time. Penn State Professor Eric Plutzer found Black adults to have lower confidence in scientific leaders than White adults in a combined analysis of data from 2006 to 2010, even after controlling for education, science knowledge and other factors.",unquestionable
mturk_charts/no_data_remaining/multi_col/76.png,"More than three and a half years into his administration, President Donald Trump’s approval ratings have remained remarkably stable. There also has been a wider gap between Republicans’ and Democrats’ views of Trump than for any other U.S. president in the modern era of polling. About four-in-ten Americans (38%) approve of Trump’s job performance, while 59% disapprove, according to a recent Pew Research Center survey. Although Trump experienced a slight bump in approval ratings at the beginning of the coronavirus outbreak – 45% of the public in March and 44% of the public in April said they approved of the way Trump was handling his job – his approval ratings have settled back to where they were before the pandemic hit the United States. Over the course of his presidency to date, an average of 87% of Republicans have approved of Trump’s handling of the job, compared with an average of just 6% of Democrats. This 81-percentage-point gap is far larger than the partisan division in average ratings for Obama (67 points) and Bush (58 points) during their presidencies. (These growing partisan divides are consistent with widening divides in views of members of the opposing party, and with deep partisan divisions on political values, many of which are far more pronounced than in past decades.) The growing partisan gap in assessments of U.S. presidents has been driven primarily by more negative ratings among members of the party that’s out of the White House. The 6% of Democrats who approve of Trump is lower than the 14% of Republicans who approved of Obama and the 23% of Democrats who approved of Bush during their respective administrations. Out-party ratings of the president were even higher in previous decades: For example, an average of 31% of Democrats approved of Ronald Reagan’s job performance.",complex
mturk_charts/no_data_remaining/multi_col/77.png,"While Trump’s ratings today are about the same as they have been throughout his years in office (his rating has consistently fallen between 38% and 45% and hovered around 40% for much of his term), other presidents’ ratings saw far more change. Obama’s initial approval rating of 64% dropped off in the first few months and largely remained in the mid to high 40s for much of his first term. Obama’s approval rating peaked at 56% in May 2011 – immediately following the killing of Osama Bin Laden – and sat at 50% in the summer of 2012.",good
mturk_charts/no_data_remaining/multi_col/78.png,"Trump’s approval rating is broadly positive among independents who say they lean toward the Republican Party, though not quite as high as among self-identified Republicans. As of August 2020, 62% of GOP leaners say they approve of the way Trump is handling his job in office, compared with 86% of Republican identifiers.",good
mturk_charts/no_data_remaining/multi_col/79.png,"By race and ethnicity, more Asian immigrants than Hispanic immigrants have arrived in the U.S. in most years since 2009. Immigration from Latin America slowed following the Great Recession, particularly for Mexico, which has seen both decreasing flows into the United States and large flows back to Mexico in recent years.",good
mturk_charts/no_data_remaining/multi_col/80.png,"While immigration has been at the forefront of a national political debate, the U.S. public holds a range of views about immigrants living in the country. Overall, a majority of Americans have positive views about immigrants. About two-thirds of Americans (66%) say immigrants strengthen the country “because of their hard work and talents,” while about a quarter (24%) say immigrants burden the country by taking jobs, housing and health care.",good
mturk_charts/no_data_remaining/multi_col/81.png,"The 2020 presidential election is more than two months away, but many social media users in the United States already are exhausted by how much political content they see on these platforms. Some 55% of adult social media users say they feel “worn out” by how many political posts and discussions they see on social media, according to a Pew Research Center survey of U.S. adults conducted July 13-19. This share has risen 18 percentage points since the Center first asked this question in the summer leading up to the 2016 presidential contest and 9 points just in the past year. At the same time, users are less ambivalent about seeing these types of posts today than in the past. Today, 29% of social media users say they don’t feel strongly one way or another about encountering political discussions, down from about four-in-ten in 2016 and 2019. Across these surveys, including the latest, relatively small shares – ranging from 15% to 20% – have said they like seeing lots of political posts on social media. The sense of exhaustion rather than excitement over seeing political content on social media holds true across political parties. But while there were no partisan differences on this question in 2016, Republicans and Republican-leaning independents who use social media are more likely than users who are Democrats and Democratic leaners to say they are worn out by how many political posts they encounter on social media (63% vs. 49%). On the other hand, today Democratic social media users are twice as likely as their Republican counterparts to say they like seeing this kind of content on these platforms (20% vs. 10%), with this sentiment among Republican users falling 11 percentage points since 2016.",good
mturk_charts/no_data_remaining/multi_col/82.png,"Most adults with a background that includes more than one race do not consider themselves “multiracial.” In 2015, 61% of those who reported two or more races for themselves, their parents or their grandparents said they didn’t consider themselves to be multiracial. This was especially the case for those who didn’t select two or more races for themselves but who were considered to have a multiracial background based on their parents’ or grandparents’ races. Among those who chose two or more categories when asked about their own race, 36% said they didn’t consider themselves multiracial, suggesting that the boxes people check don’t always align with how they identify.",good
mturk_charts/no_data_remaining/multi_col/83.png,"And women have largely exercised this right: In every U.S. presidential election dating back to 1984, women reported having turned out to vote at slightly higher rates than men, according to a new analysis of Census Bureau data by the Center. At the same time, the gender gap in party affiliation continues to widen. In 2016, 63% of women who were eligible to vote said they cast ballots in the presidential election, compared with 59% of men. That 4 percentage point gender gap is similar to the 4-point gaps in 2012 and 2008 as well as the 3-point gaps in 2004, 2000 and 1996. In 1980, when voter turnout data first became available, there was no gender gap in turnout: 64% of both men and women reported turning out to vote in that year’s election. These patterns are also similar for midterm elections.",good
mturk_charts/no_data_remaining/multi_col/84.png,"In addition to the gender gap in voter turnout, partisan preferences differ widely by gender. Pew Research Center survey data going back more than two decades shows a growing gender gap in partisan affiliation. In 2018 and 2019, the Democratic Party held a wide advantage with women: 56% of female registered voters identified as Democrats or leaned toward the Democratic Party, while 38% identified as Republicans or leaned toward the GOP. This stands in contrast to men, among whom 50% were Republicans or GOP leaners and 42% identified as or leaned Democratic. This gender gap has been slowly growing wider since 2014. Party affiliation, like voter turnout, differs significantly by race and ethnicity. Within each racial and ethnic group, however, there is a gender gap in partisan identification; in each case, women are more likely than men to identify as Democrats.",good
mturk_charts/no_data_remaining/multi_col/85.png,"The federal government has run deficits nearly every year since the Great Depression and consistently since fiscal 2002. Through the first 10 months of fiscal 2020, the government took in $2.82 trillion in revenue and spent $5.63 trillion, for a year-to-date deficit of just over $2.8 trillion, according to the Treasury Department’s Bureau of the Fiscal Service. Through the first 10 months of fiscal 2019, by comparison, the deficit stood at $866.8 billion. The deficit began widening dramatically in April, as the government started spending hundreds of billions of dollars on coronavirus relief and response. In the April to July 2020 period, federal revenues were about 9.8% below the same period in 2019, while spending more than doubled, according to Treasury Department data.",good
mturk_charts/no_data_remaining/multi_col/86.png,"Currently, 83% of registered voters say it really matters who wins the presidency, up from 74% four years ago and the highest share saying this in two decades of Pew Research Center surveys. Nearly identical shares of registered voters in both parties say it really matters who prevails; other indicators of engagement with the election are equally high among Republican and Democratic voters.",good
mturk_charts/no_data_remaining/multi_col/88.png,"The relative popularity of Latinx in online searches in the U.S. has increased since 2016, according to a Pew Research Center analysis of Google Trends data.3 While its earliest Google searches extend back to the early 2000s, the highest monthly relative number of searches for Latinx occurred in June 2020, surpassing a previous peak in October 2019. Compared with June 2020, monthly Google searches for Latinx rose substantially for the first time in June 2016, following the Pulse nightclub shooting in Orlando, Florida. Despite its increase in popularity, Google searches for Latinx remain below those for Latina, Latino and Hispanic over the past decade. Among these terms, Latina has shown the highest popularity, though its share of searches has been falling relative to its peak in June 2014.",good
mturk_charts/no_data_remaining/multi_col/87.png,"Biden supporters say they’d be relieved if he wins and angry if Trump wins. A majority of Biden supporters (77%) say they would be relieved if he wins the election; just 16% say they’d be excited. And a larger share of Biden supporters (61%) say they would be angry if Trump wins, compared with Hillary Clinton supporters in 2016 (46% angry). Today, more Trump supporters say they would be relieved (61%) than excited (30%) if their candidate wins this year. And while 37% of Trump supporters say they would be angry if Biden wins, that is lower than the share who said they would be angry if Clinton won in 2016 (46%).",good
mturk_charts/no_data_remaining/multi_col/89.png,"Attitudes about reducing inequality were also tied to views about children’s financial future. In countries where people tended to be pessimistic about reducing inequality, people also tended to be less optimistic about the financial future of their country’s children.",good
mturk_charts/no_data_remaining/multi_col/90.png,"Latinos have a bleaker view than the U.S. overall about the coronavirus, according to a June survey of U.S. adults. Among Latinos, 70% say the worst of the problems due to the coronavirus outbreak are still to come, and a similar share said so in an April survey. By comparison, 40% of U.S. adults say the worst of the coronavirus is behind us, up from 26% in April.",good
mturk_charts/no_data_remaining/multi_col/91.png,"While the public’s interest in hearing from the presidential campaigns has increased, voters have been paying far less attention to news about the presidential candidates than to news about the COVID-19 pandemic and the protests over George Floyd’s killing. In the early June survey, overwhelming majorities of voters said they were paying attention to news about the coronavirus outbreak and Floyd protests at least fairly closely (90% and 86%, respectively), including 45% of voters who said they were following these stories very closely.",good
mturk_charts/no_data_remaining/multi_col/92.png,"Americans in both major parties now see China much more negatively than in the recent past, but Republicans are more likely than Democrats to express skepticism across a range of measures, according to a new Pew Research Center survey. The survey, conducted in June and July, comes as Donald Trump and Joe Biden both make China a key campaign issue ahead of the U.S. presidential election in November. Republicans have long held more unfavorable views of China than Democrats, but unfavorable views have climbed rapidly among both parties over the past year. In the new survey, 83% of Republicans and those who lean to the Republican Party say they have an unfavorable view of China, compared with 68% of Democrats and Democratic leaners – record highs for both groups. The 15 percentage point gap between the parties is also among the widest in Pew Research Center surveys dating to 2005. Republicans are also much more likely than Democrats to say they have a very unfavorable view of China (54% vs. 35%).",good
mturk_charts/no_data_remaining/multi_col/93.png,"Americans have little confidence in Chinese President Xi Jinping, but Republicans are especially critical. Overall, around three-quarters of Americans (77%) have little or no confidence in President Xi to do the right thing in world affairs, including 55% who have no confidence at all in the Chinese leader. The share with no faith in Xi has increased by 10 points over the past four months and is more than double the share who said this in 2019. While Republicans and Democrats were equally likely to lack confidence in the Chinese leader in 2018 and 2019, there is a now a partisan gap: Republicans are more likely than Democrats to say they have little or no faith in Xi (82% vs. 75%). Republicans are also more likely to say they have no confidence at all in Xi (61% vs. 51%).",good
mturk_charts/no_data_remaining/multi_col/94.png,"Americans’ views of China have continued to sour, according to a new Pew Research Center survey. Today, 73% of U.S. adults say they have an unfavorable view of the country, up 26 percentage points since 2018. Since March alone, negative views of China have increased 7 points, and there is a widespread sense that China mishandled the initial outbreak and subsequent spread of COVID-19.",good
mturk_charts/no_data_remaining/multi_col/95.png,"While majorities of every age group now have an unfavorable view of China, Americans ages 50 and older are substantially more negative (81%) than those ages 30 to 49 (71%) or those under 30 (56%). For those ages 50 and older, this represents an increase of 10 percentage points since March.",good
mturk_charts/no_data_remaining/multi_col/96.png,"As has been the case for much of the last 15 years, Republicans continue to hold more unfavorable views of China than Democrats, 83% vs. 68%, respectively. Republicans are also much more likely to say they have a very unfavorable view of China (54%) than Democrats (35%).",good
mturk_charts/no_data_remaining/multi_col/97.png,"When it comes to the bilateral economic relationship, Americans, by a more than two-to-one margin, say economic ties are bad (68%) rather than good (30%). And a quarter say economic relations are very bad.",good
mturk_charts/no_data_remaining/multi_col/98.png,"And Americans have mixed preferences on how to best shape economic and trade policies with China. Around half say it is more important to build a stronger relationship with China, while 46% place more value on getting tougher with China. In the past year, the share endorsing a tougher stance with China on economic and trade policy has grown by 11 percentage points. Republicans and Democrats have both shifted their views over the past year in favor of getting tougher on China on economics and trade. Today, roughly two-thirds of Republicans support this position, 12 points higher than in 2019. Democrats, for their part, are 14 points more likely this year to favor getting tough on China, though only a third pick this option over building relations.",good
mturk_charts/no_data_remaining/multi_col/99.png,"When asked whether the U.S. should prioritize economic relations with China or promote human rights in China, nearly three-quarters of Americans choose human rights, even if it harms economic relations with China. Democrats are more likely than Republicans to emphasize human rights over economic gain, though at least seven-in-ten of both groups hold this opinion. Younger and older Americans alike prefer more emphasis on human rights than economic relations when it comes to China. Less than a quarter of all age groups say the U.S. should prioritize economic relations with China, even if it means not addressing human rights issues.",good
mturk_charts/no_data_remaining/multi_col/100.png,"Since the coronavirus outbreak was declared a pandemic in March, the U.S. unemployment rate has skyrocketed, and the International Monetary Fund predicts the U.S. gross domestic product will shrink in 2020, while the Chinese economy will achieve positive growth. The American public’s economic confidence has also declined. While 52% of Americans still see their country as the world’s leading economic power, this is down from 59% in March, an unprecedented high in Pew Research Center’s surveys on this question.",good