img_path,summary,category
mturk_charts/no_data_remaining/multi_col/1.png,"Divides between trusters and distrusters also appear when people are asked about several international institutions. In all 14 countries surveyed, trusters are more likely than distrusters to have a favorable view of the EU and UN.",good
mturk_charts/no_data_remaining/multi_col/2.png,"That two such dissimilar elections could generate such similar Electoral College margins illustrates an abiding feature of the United States’ quirky way of choosing its top executive: The Electoral College consistently produces more lopsided results than the popular vote. Looking back at every presidential election since 1828 (when they began to resemble today’s system), the winner’s electoral vote share has, on average, been 1.36 times his popular vote share – what we call the electoral vote inflation (EVI) factor. The bigger the EVI, the greater the disparity between the winner’s popular vote and electoral vote margins; the smaller the EVI, the closer the two margins are to each other. Based on the reported popular vote to date and the expected vote in the Electoral College, Biden’s EVI is 1.11 – smaller, in fact, than Trump’s in 2016 (1.23), and the smallest since George W. Bush’s two victories in 2000 and 2004 (1.05 both times).",complex
mturk_charts/no_data_remaining/multi_col/3.png,"Since the very beginning of the U.S. coronavirus outbreak, Democrats have been far more likely than Republicans to see COVID-19 as a “major threat” to public health. In November, Democrats and Democratic-leaning independents were nearly twice as likely as Republicans and GOP leaners (84% vs. 43%) to see the outbreak as a major threat to the health of the U.S. population, even as both sides agreed on the threat it poses to the national economy.",good
mturk_charts/no_data_remaining/multi_col/4.png,"Following the UK’s exit from the European Union, the share of British adults with a favorable view of the EU rose to its highest level on record. The UK formally left the EU in January, concluding a withdrawal process that lasted more than three years. But in Pew Research Center’s first survey in the UK after Brexit, 60% of British adults said they had a positive view of the EU, up from 54% the year before and the highest percentage in surveys dating to 2004. Britons’ views of the EU remained divided along demographic and partisan lines, with younger people, those with a postsecondary education or more and those on the ideological left more likely to express a positive opinion.",good
mturk_charts/no_data_remaining/multi_col/8.png,"A growing share of Americans have heard of the group of conspiracy theories known as QAnon, and a substantial portion of Republicans who are aware of it say it is a good thing for the country. The share of U.S. adults who have heard or read at least a little about QAnon rose from 23% in February to 47% in September. Democrats and Democratic-leaning independents who are aware of QAnon overwhelmingly see it as a very or somewhat bad thing for the country (90% say this), but Republicans and GOP leaners are more divided. Half of Republicans who are aware of QAnon say it is a very or somewhat bad thing for the nation, while 41% say it is a very or somewhat good thing.",good
mturk_charts/no_data_remaining/multi_col/9.png,"Fewer than half of Black (41%) and Latino (44%) adults now say they are angry about the state of the country, a substantial drop from the 72% and 67%, respectively, who said the same in June. White adults also showed a smaller drop since June, from 72% to 59%. Meanwhile, about half of Asians (51%) say as of November that they are angry about the state of the country (the share of Asian adults who said they felt angry in June is not shown due to insufficient sample size).",good
mturk_charts/no_data_remaining/multi_col/10.png,"Overall, Latino and Black adults are now less likely to say they are fearful about the state of the country since June. Among both groups, about half of adults (52% of Latinos, 51% of Blacks) say they feel fearful, down from roughly two-thirds in June. Among White adults, 66% say they are fearful, unchanged compared with June. A similar share of Asian adults (65%) in November say they are fearful about the state of the nation.",good
mturk_charts/no_data_remaining/multi_col/6.png,"Trump’s approval rating has been more sharply divided along partisan lines than that of any president in the modern era of polling. Over the course of his presidency through August, an average of 87% of Republicans approved of Trump’s handling of the job, compared with an average of just 6% of Democrats. That 81-point gap between Republicans and Democrats was far larger than the average partisan gaps in approval of Barack Obama (67 points) and George W. Bush (58 points). Members of the out-of-power party – that is, the party that does not control the White House – have become increasingly critical of U.S. presidents in recent years. The 6% average of Democrats who approved of Trump’s job performance through August was down from an average of 14% of Republicans who approved of Obama and an average of 23% of Democrats who approved of Bush.",complex
mturk_charts/no_data_remaining/multi_col/5.png,"Around eight-in-ten registered voters in the U.S. (83%) said in the summer that it “really mattered” who won this year’s presidential election, the highest share in any presidential election year since at least 2000. Two decades ago, by comparison, just half of registered voters said it “really mattered” who won the contest between George W. Bush and Al Gore.The election itself underscored voters’ engagement this year: President-elect Joe Biden received more than 81 million votes, while Donald Trump got more than 74 million – the highest and second-highest totals in American history.",unquestionable
mturk_charts/no_data_remaining/multi_col/7.png,"Amid widespread economic hardship caused by COVID-19, around four-in-ten U.S. adults said in August that they or someone in their household had been laid off, lost their job or taken a pay cut. The economic shocks of the pandemic affected a broad range of American workers and their families. In the August survey, a quarter of U.S. adults said they or someone in their household had been laid off or lost their job, while around a third (32%) said they or someone in their household had taken a pay cut. All told, 42% of adults reported at least one of these things happening to them or someone in their household. Job losses and pay cuts were especially common among younger adults, Hispanics and those in lower-income families.",good
