img_path,"summary",category
mturk_charts/no_data_remaining/multi_col/201.png,"It’s become more common for Americans to attend church a few times a year or less (54%) than monthly or more (45%). This is just one measure by which the religious landscape of the country has changed. Since 2009, the share of Americans who describe their religious identity as atheist, agnostic or “nothing in particular” has grown from 17% to 26%, while the share who describe themselves as Christians has declined from 77% to 65%.",unquestionable
mturk_charts/no_data_remaining/multi_col/202.png,"Same-sex marriage has the backing of a majority of U.S. adults. Same-sex marriage is another policy area where support surpassed opposition during the 2010s. As of this year, 61% of Americans favor allowing gays and lesbians to marry legally. In 2015, the U.S. Supreme Court issued its landmark Obergefell v. Hodges ruling, which established that same-sex couples have a constitutional right to marry.",good
mturk_charts/no_data_remaining/multi_col/203.png,"And carpooling, at least as a way to get to and from work, has fallen over the decades – from 20% of workers in 1980 to 9% last year, according to the Census Bureau. Around three-quarters (76%) of Americans typically drove alone last year, as they have every year since at least 2000.",complex
mturk_charts/no_data_remaining/multi_col/204.png,"Hispanics are projected to be the largest racial or ethnic minority group in the 2020 U.S. electorate, overtaking the number of black eligible voters for the first time. Hispanics are expected to account for just over 13% of eligible voters, slightly more than the share of black eligible voters.",good
mturk_charts/no_data_remaining/multi_col/205.png,"The U.S. no longer leads the world in admitting refugees. Canada resettled more refugees than the U.S. did in 2018, marking the first time the U.S. did not lead the world on this measure since Congress created the nation’s refugee program in 1980. While Canada resettled 28,000 refugees in 2018 – similar to its total in 2017 – the U.S. resettled 23,000, down from 33,000 the year before and far below a recent high of 97,000 in 2016. The U.S. had previously admitted more refugees each year than all other countries combined.",good
mturk_charts/no_data_remaining/multi_col/206.png,"The share of Americans with an unfavorable view of China reached a 14-year high amid a protracted trade dispute between the two countries. Six-in-ten U.S. adults have a negative opinion of China, up from 47% in 2018 and the highest share since Pew Research Center began asking Americans this question in 2005.",good
mturk_charts/no_data_remaining/multi_col/207.png,"Three decades after the fall of the Berlin Wall, people in many former communist countries in Europe see greatly improved standards of living. Since 1991, there have been large increases in the share of adults who think the changes that swept through the region in 1989 and 1991 have had a good influence on living standards in their country. In Poland, for example, only 14% of people said in 1991 that the recent changes had had a positive influence on living standards. By 2019, that figure had shot up to 81%, more than a fivefold increase. In Lithuania, the share saying this has soared from just 9% in 1991 to 70% this year.",good
mturk_charts/no_data_remaining/multi_col/208.png,"U.S. newspaper circulation has fallen to its lowest level since at least 1940, the earliest year with available data. Total daily newspaper circulation – print and digital combined – was an estimated 28.6 million for weekday and 30.8 million for Sunday in 2018. Those numbers were down 8% and 9%, respectively, from the previous year and are now below their lowest recorded levels (though weekday circulation first passed this threshold in 2013).",good
mturk_charts/no_data_remaining/multi_col/209.png,"Against this backdrop, a new Pew Research Center analysis finds that people in EU nations with higher unemployment rates tend to voice more pessimism about future job prospects in their country. The analysis also finds that youth unemployment rates, as well as changes in a country’s gross domestic product, are linked to economic attitudes in EU member states. Across 14 EU nations surveyed by the Center this year, a median of 54% of adults say they are pessimistic about the future availability of well-paying jobs in their country, ranging from just 28% who say this in Sweden to 76% in Spain and 80% in Greece. These attitudes are connected with current economic conditions. The unemployment rate in Greece sat at 19.3% in 2018 – the highest in the EU, though down from its peak of 27.5% in 2013 – while Spain had a rate of 15.3% in 2018. By comparison, the unemployment rate was much lower in Sweden (6.3%) than in Greece and Spain, perhaps explaining why Swedes are less pessimistic about the future availability of well-paying jobs in their country. This pattern is not uniformly the case, however. People in France and the UK stand out for being much less optimistic than their counterparts in nations with similar youth unemployment rates. French and British adults, in fact, are about as pessimistic about the financial future of the next generation as people in Italy, Spain and Greece – even though France and the UK have youth unemployment rates that are roughly 10 to 20 percentage points lower.",good
mturk_charts/no_data_remaining/multi_col/210.png,"This pattern is not uniformly the case, however. People in France and the UK stand out for being much less optimistic than their counterparts in nations with similar youth unemployment rates. French and British adults, in fact, are about as pessimistic about the financial future of the next generation as people in Italy, Spain and Greece – even though France and the UK have youth unemployment rates that are roughly 10 to 20 percentage points lower.",good
mturk_charts/no_data_remaining/multi_col/211.png,"This pattern is not uniformly the case, however. People in France and the UK stand out for being much less optimistic than their counterparts in nations with similar youth unemployment rates. French and British adults, in fact, are about as pessimistic about the financial future of the next generation as people in Italy, Spain and Greece – even though France and the UK have youth unemployment rates that are roughly 10 to 20 percentage points lower.",good
mturk_charts/no_data_remaining/multi_col/212.png,"Here, again, people in France and the UK are notably pessimistic. In both countries, as well as in Spain, about three-quarters of adults or more say children today will be worse off financially than their parents, even though all three countries saw average annual GDP growth rates between 1% and 2% between 2003 and 2018.",good
mturk_charts/no_data_remaining/multi_col/213.png,"U.S. military veterans and their families have consistently had higher standards of living than non-veterans over the past 40 years, according to a new Pew Research Center analysis of U.S. Census Bureau data. Households headed by veterans have higher incomes and are less likely to be in poverty, on average, and this is especially the case for veterans in racial or ethnic minority groups and those with less education. In 2017, the median annual income for veteran households was about $88,700, compared with roughly $76,100 for non-veteran households, a difference of more than $12,000. Both groups have experienced income growth since 1980, when the median income was roughly $77,000 for veteran households and about $61,500 for non-veteran households. Still, the gap between the two groups has persisted over about four decades.",good
mturk_charts/no_data_remaining/multi_col/214.png,"Negative views of China predominate in both the United States and Canada, where 60% and 67% respectively see the country unfavorably. In both countries, this is the highest unfavorable opinion of China recorded in the Center’s polling history. (For more on U.S. opinion, see “U.S. Views of China Turn Sharply Negative Amid Trade Tensions.”) It also reflects the largest year-on-year change in either country. For example, in Canada, unfavorable opinion increased 22 points in the wake of the high-profile arrest of technology company Huawei’s chief financial officer and the ensuing Chinese detainment of two Canadian nationals who still remain in Chinese custody.",good
mturk_charts/no_data_remaining/multi_col/215.png,"Despite this disconnect, views have become more positive in Germany over the past year: The share of Germans who say the relationship between the United States and Germany is good has risen from 24% in 2018 to 34% this year. But while Germans are now more positive about the relationship than in 2018, their outlook is still more negative than in 2017.",good
mturk_charts/no_data_remaining/multi_col/216.png,"Americans are more likely to prioritize greater cooperation with Germany than Germans are to prioritize increased cooperation with the U.S. About seven-in-ten in the U.S. (69%) want more cooperation with Germany, compared with half of Germans (50%) who want more cooperation with the U.S. Instead, Germans are most likely to say they want greater cooperation with France (77%) and Japan (69%) among the countries tested. Americans have consistently been more eager to cooperate with Germany than the other way around. This year, people in the U.S. are 19 percentage points more likely to say their country should cooperate more with Germany than Germans are to say the same about the U.S. Nonetheless, the share of Germans who want more cooperation with the U.S. has increased by 9 points this year, bringing it closer to 2017 levels.",good
mturk_charts/no_data_remaining/multi_col/217.png,"When assessing their overall behavior, one-quarter of U.S. adults (25%) say they make an effort to live in ways that help protect the environment “all the time,” up modestly from 20% in 2016. Another 63% report they live in environmentally conscious ways some of the time. Just 11% say they do not try at all to live in environmentally conscious ways or do so not too often.",good
mturk_charts/no_data_remaining/multi_col/218.png,"Two-thirds of Americans favor marijuana legalization, reflecting a steady increase in public support, according to a September 2019 Pew Research Center survey. Public opinion on marijuana legalization was essentially the opposite nearly two decades ago: In 2000, 63% said the use of marijuana should be illegal. Few Americans say marijuana should be illegal under all circumstances. In the fall 2019 survey, 59% of U.S. adults said marijuana should be legal for recreational and medical purposes, while another 32% said it should be legal for medical use only. Just 8% said the drug should not be legal.",unquestionable
mturk_charts/no_data_remaining/multi_col/219.png,"Smart speakers such as Amazon Echo or Google Home have gained popularity over the last several years, and consumer experts found that these devices were especially popular with holiday season gift buyers last year. But even as some Americans are integrating these devices into their homes, many owners express concerns over data collection and personalization, according to a Pew Research Center survey conducted June 3-17, 2019. Just over half of smart speaker owners are at least somewhat concerned about the amount of data collected by these devices. Some 54% of smart speaker owners (which amounts to 13% of all U.S. adults) say they are very or somewhat concerned about the amount of personal data their speakers collect. Though smart speaker ownership varies, privacy concerns among those who have these devices are mostly similar across demographic groups.",good
mturk_charts/no_data_remaining/multi_col/220.png,"Americans continue to be more likely to get news through mobile devices than through desktop or laptop computers. Roughly six-in-ten U.S. adults (57%) often get news this way, compared with 30% who often do so on a desktop or laptop computer, according to a Pew Research Center survey. The share of Americans who often get news on a mobile device is more than double the 21% who did so in 2013, the first time we asked this question. At the same time, the portion of Americans who often get news on a desktop or laptop computer has remained relatively stable during this period.",good
mturk_charts/no_data_remaining/multi_col/222.png,"Two-thirds of Americans say the use of marijuana should be legal, reflecting a steady increase over the past decade, according to a new Pew Research Center survey. The share of U.S. adults who oppose legalization has fallen from 52% in 2010 to 32% today.",good
mturk_charts/no_data_remaining/multi_col/221.png,"Roughly four-in-ten Americans ages 65 and older (38%) often get news from a mobile device, around six times the share in 2013. In fact, people in this age group are now roughly as likely to get news from a mobile device as they are to get it from a desktop or laptop (38% vs. 34%).",good
mturk_charts/no_data_remaining/multi_col/223.png,"The number of unauthorized immigrants living in Europe increased between 2014 and 2016, then leveled off to an estimated 3.9 million to 4.8 million in 2017, according to new estimates from Pew Research Center. Europe is one of the world’s top destinations for international migrants. In recent years, their population has grown as high numbers of immigrants have entered Europe, including some seeking asylum.",good
mturk_charts/no_data_remaining/multi_col/224.png,"A new Pew Research Center analysis based on European data sources estimates that at least 3.9 million unauthorized immigrants – and possibly as many as 4.8 million – lived in Europe in 2017. The total is up from 2014, when 3.0 million to 3.7 million unauthorized migrants lived in Europe, but is little changed from a recent peak of 4.1 million to 5.3 million in 2016.",good
mturk_charts/no_data_remaining/multi_col/226.png,"An estimated 500,000 to 700,000 unauthorized immigrants lived in Italy in 2017, up from 300,000 to 500,000 in 2014, according to new Pew Research Center estimates based on the latest available data. The 2017 estimate includes 152,000 asylum seekers who were waiting for a decision on their case at the end of that year.",unquestionable
mturk_charts/no_data_remaining/multi_col/225.png,"An estimated 800,000 to 1.2 million unauthorized immigrants lived in the United Kingdom in 2017, according to new Pew Research Center estimates based on the latest available data. This number is little changed since 2014.",good
mturk_charts/no_data_remaining/multi_col/227.png,"An estimated 1.0 million to 1.2 million unauthorized immigrants lived in Germany in 2017, up from 500,000 to 600,000 in 2014, according to new Pew Research Center estimates based on the latest available data. The 2017 estimate includes 444,000 asylum seekers who were waiting for a decision on their case at the end of that year.",unquestionable
mturk_charts/no_data_remaining/multi_col/228.png,"Unemployment is persistently higher in the former East Germany than in the former West. In 2018, the average unemployment rate was 6.9% in the six states of the former East Germany, compared with 4.8% in the 10 states of the former West Germany. (In all economic statistics in this analysis, Berlin is counted in East Germany, even though the city was divided during communism and is not directly comparable to other parts of East Germany.) Despite these differences, the former East has narrowed the gap with the former West substantially in recent decades. In the early 2000s, the unemployment rate was about 10 percentage points higher in the former East than in the former West – nearly five times the gap in 2018.",good
mturk_charts/no_data_remaining/multi_col/229.png,"A larger share of adults have cohabited than have been married. Among adults ages 18 to 44, 59% have lived with an unmarried partner at some point in their lives, while 50% have ever been married, according to Pew Research Center analysis of the National Survey of Family Growth. By contrast, in 2002, 54% of adults in this age group had ever cohabited and 60% had ever married. Most adults ages 18 to 44 who have cohabited (62%) have only ever lived with one partner, but 38% have had two or more partners over the course of their life.",unquestionable
mturk_charts/no_data_remaining/multi_col/230.png,"Most Spaniards are discontent with the state of their country’s economy, but less so than in the past. Roughly four-in-ten (42%) say they think the economic situation in Spain is at least somewhat good, while a majority (57%) says it is bad. This is an improvement from last year, and it also represents substantial improvement since 2013, when the share who thought the Spanish economy was good was only 4%. It also shows Spaniards’ optimism about the economy rebounding toward pre-recession levels.",good
mturk_charts/no_data_remaining/multi_col/237.png,"On a personal level, too, Germans are happier with their lives, according to the survey, which was conducted in spring 2019 among representative samples of adults in the pre-1990 Federal Republic of Germany (West Germany) and former German Democratic Republic (East Germany). Majorities in both areas now place themselves at 7 or higher on a 10-point “ladder” of life satisfaction, where 10 represents the best possible life. When Pew Research Center asked the life satisfaction question in 1991 and 2009, no more than roughly half in either area placed themselves in this top tier. The increase has been especially dramatic in the former East, where the share who rate their lives at 7 or higher has almost quadrupled from just 15% in 1991 to 59% this year.",good
mturk_charts/no_data_remaining/multi_col/236.png,"In many countries outside the European Union, views of the EU have become more favorable in recent years. The share of people with a positive view has significantly increased since 2013 in Ukraine, Israel, the Philippines, Lebanon, Turkey, South Korea, Argentina and Mexico. (The difference in Ukraine may be, in part, a result of changes in sampling after the Russian invasion of eastern Ukraine. For example, Crimea was surveyed in 2014, but was omitted from sampling in 2019 due to security concerns.) From 2004 to 2013, roughly six-in-ten or more Russians held positive views of the EU. However, attitudes changed dramatically after 2013, with about half of Russians expressing an unfavorable view in 2014. Negative attitudes have persisted through Russian President Vladimir Putin’s third term, the Russian annexation of Crimea and subsequent EU sanctions on Russia in response to that military incursion.",unquestionable
mturk_charts/no_data_remaining/multi_col/238.png,"Yet there are much wider differences in views of banning high-capacity ammunition magazines that hold more than 10 rounds and assault-style weapons. Nearly nine-in-ten Democrats favor each of these proposals, compared with about half of Republicans. Still, support for banning high-capacity magazines has increased among members of both parties since 2017 (8 points among Democrats, 7 points among Republicans). While more Democrats favor a ban on assault weapons now than did so two years ago, slightly fewer Republicans support such a ban than in 2017.",good
mturk_charts/no_data_remaining/multi_col/235.png,"In the United States, 65% of Democrats and Democratic-leaning independents give the EU a positive rating, compared with just 39% of Republicans and Republican-leaning independents. This 26 percentage point difference is the largest gap between Democrats and Republicans since Pew Research Center began asking this question in 2002.",good
mturk_charts/no_data_remaining/multi_col/233.png,"Gold-standard, nonpartisan surveys have found for decades that more U.S. adults identify with or lean toward the Democratic Party than the Republican Party – whether these surveys take place under GOP or Democratic presidential administrations. That is the finding of two of the highest-quality surveys that use nationally representative data collected through in-person interviews: the General Social Survey and the American National Election Studies. It’s also the result obtained by numerous other reputable surveys that poll Americans by telephone or online using randomly selected samples of adults, including those done by us here at Pew Research Center, as well as those done by Gallup, Fox News, Kaiser Family Foundation and The Associated Press-NORC. (The Census Bureau, which runs the nation’s most authoritative surveys, notably does not ask Americans about their partisan affiliation.)",unquestionable
mturk_charts/no_data_remaining/multi_col/239.png,"Opinions about whether it is more important to control gun ownership or protect gun rights have changed little in recent years. Overall, 53% of Americans say it is more important to control gun ownership, while 47% say it is more important to protect the right of Americans to own guns. Views on overall priorities for gun policies have long been divided along partisan lines, but these differences have widened considerably over the past decade. In 2010, President Barack Obama’s second year in office, Republicans were about twice as likely as Democrats to say gun rights were more important than gun control (65% vs. 33%). In the current survey, Republicans are nearly four times as likely as Democrats to say gun rights are more important than gun control (80% vs. 21%).",good
mturk_charts/no_data_remaining/multi_col/240.png,"On balance, people across the former Soviet bloc nations approve of the changeover to a multiparty electoral system and free market economy. Majorities in Poland, the Czech Republic, Slovakia, Hungary, Lithuania and the area corresponding to former East Germany all rate these transitions favorably. In Central and Eastern Europe, there have been dramatic increases in the shares of people who say the changes of the past 30 years or so have led to improved living standards. This is the case in all the former Soviet bloc countries surveyed in both 1991 and today. For example, in 1991, only 9% of Lithuanians said that the changes that had taken place by that point had a good influence on the standard of living in their country. This year, seven-in-ten in Lithuania say the changes had a positive influence on living standards. On almost every aspect of life tested in 2019 – from education to national pride – people in the region today are generally convinced that the changes have had a good influence on their country. But fewer people across these countries think the changes have been good for family values, the state of health care and law and order compared with the other aspects tested. Across the board, Europeans are much more satisfied with their own lives than they were in 1991. The improvement has been especially dramatic in Central and Eastern European countries. For example, in 1991, only 12% in Poland rated their life satisfaction at 7 or higher on a 10-point scale. In the new survey, 56% rate their lives at 7 or higher. There has also been a dramatic increase in life satisfaction in Germany since 1991 – but much more so among people living in former East Germany than among those living in the former West.",good
mturk_charts/no_data_remaining/multi_col/241.png,"Muslims make up roughly 1% of the adult population in the U.S., while across Europe as a whole (including Eastern Europe), they are estimated to form roughly 5% of the population, including 6% in the UK and Germany, and nearly 9% in France. Also, 46% of American adults say they personally know a Muslim, compared with significant majorities in most Western European countries, including 71% in the UK and 79% in France.",good
mturk_charts/no_data_remaining/multi_col/242.png,"Even before the administration’s announcement, refugee resettlement in the U.S. had dropped to historic lows during Donald Trump’s presidency, according to a Pew Research Center analysis of State Department data. As a result, the U.S. is no longer the world’s top country for refugee admissions. It had previously led the world on this measure for decades, admitting more refugees each year than all other countries combined.",good
mturk_charts/no_data_remaining/multi_col/232.png,"The downward trend in this figure – sometimes referred to as the “disconnection rate” – reflects in part the nation’s tight labor markets and falling unemployment, but also higher levels of engagement among young women. In 2018, only 14.4% of 18- to 24-year-old women were neither working nor enrolled in school, down from 21.7% in 1989.",good
mturk_charts/no_data_remaining/multi_col/231.png,"Apprehensions at the U.S.-Mexico border more than doubled between fiscal 2018 and fiscal 2019 but remained below historical highs. There were 851,508 apprehensions in the 2019 fiscal year (October 2018-September 2019), a 115% increase from the previous fiscal year and the highest total in 12 years. Still, the total remained far below the 1,643,679 apprehensions recorded in 2000, the peak year. And apprehensions regularly exceeded 1 million per fiscal year during the 1980s, 1990s and 2000s. There has been a major shift in who is being apprehended, with non-Mexicans now far outnumbering Mexicans. Non-Mexicans accounted for 80% of apprehensions in fiscal 2019, marking the fourth consecutive year in which they outnumbered Mexicans. In 2000 (the earliest year for which data is available), non-Mexicans accounted for just 2% of apprehensions while Mexicans accounted for 98%.",good
mturk_charts/no_data_remaining/multi_col/234.png,"Roughly eight-in-ten Argentines (83%) say the country’s economic situation is bad. This share is lower than in 2002, when 98% said the economic situation was bad following an economic crisis. Currently, only 15% say the economic situation is good. (Our survey was conducted before the market shock that occurred in August.)",good
mturk_charts/no_data_remaining/multi_col/243.png,"The United States plans to admit a maximum of 18,000 refugees in fiscal year 2020, down from a cap of 30,000 in the one that ended Sept. 30, 2019, under a new refugee admissions ceiling set by the Trump administration. This would be the lowest number of refugees resettled by the U.S. in a single year since 1980, when Congress created the nation’s refugee resettlement program. Refugee admissions into the U.S. have declined substantially during Donald Trump’s presidency. Every fall, the U.S. president sets a refugee ceiling – the maximum number of refugees who may enter the country in a fiscal year. In fiscal 2017 (Oct. 1, 2016, to Sept. 30, 2017), about 53,700 refugees resettled in the U.S. – a figure that reflects a temporary freeze on refugee admissions that Trump ordered shortly after taking office. The following year, Trump’s first full fiscal year in office, he set the nation’s refugee ceiling at 45,000, a new low at the time, and the U.S. ultimately admitted about 22,500. Trump then set the refugee ceiling at 30,000 for the fiscal year that ended Sept. 30, 2019, and refugee admissions reached this cap. For fiscal 2020, which started Oct. 1, 2019, Trump has set a ceiling of 18,000 refugees. Overall, the U.S. has admitted about 76,200 refugees so far under the Trump administration (Jan. 20, 2017, to Sept. 30, 2019). By comparison, the U.S. admitted nearly 85,000 refugees in fiscal 2016 alone, the last full fiscal year of the Obama administration. Historically, the total number of refugees coming to the U.S. has fluctuated with global events and U.S. priorities. From fiscal years 1990 to 1995, an average of about 116,000 refugees arrived in the U.S. each year, with many coming from the former Soviet Union. However, refugee admissions dropped off to roughly 27,100 in fiscal 2002, a new low at the time, after the U.S. largely suspended admissions following the Sept. 11 terrorist attacks. Refugee admissions rebounded from this low point. From fiscal 2008 to 2017, an average of about 67,100 refugees arrived each year. Half or more of refugees during this time came from Asia, with many from Iraq and Burma (Myanmar). (Iraq is counted as a part of Asia in this data source.) Since fiscal 1980, 55% of refugees have come from Asia, a far higher share than from Europe (28%), Africa (13%) or Latin America (4%).",unquestionable
mturk_charts/no_data_remaining/multi_col/244.png,"While that initial boost faded over time, Clinton’s approval rating in August 1998 was still a robust 62%, where it remained for months – throughout his admission of the affair, the release of the Starr report and the opening of impeachment proceedings. Clinton’s approval hit 71% again in mid-December, after the House vote to impeach him.",good
mturk_charts/no_data_remaining/multi_col/245.png,"Over the course of the nation’s history, there has been a slow but steady decrease in the size of the average U.S. household – from 5.79 people per household in 1790 to 2.58 in 2010. But this decade will likely be the first since the one that began in 1850 to break this long-running trend, according to newly released Census Bureau data. In 2018 there were 2.63 people per household. Households are increasing in size mathematically because the growth in the number of households is trailing population growth. The newly released data indicates that the population residing in households has grown 6% since 2010 (the smallest population growth since the 1930s), while the number of households has grown at a slower rate (4%, from 116.7 million in 2010 to 121.5 million in 2018).",good
mturk_charts/no_data_remaining/multi_col/246.png,"Republicans’ views of the Justice Department have become more positive over this time period: 61% of Republicans now say they view the DOJ favorably, up from 47% in January 2017.",good
mturk_charts/no_data_remaining/multi_col/247.png,"Republican views of the FBI have rebounded after declining in 2018: About two-thirds of Republicans (66%) now say they have a favorable opinion of the FBI – up 17 percentage points since last July, but on par with views of the bureau in 2016 and early 2017. Democratic opinions of the FBI are little changed in recent years, with roughly three-quarters (77%) continuing to say they view the bureau favorably.",good
mturk_charts/no_data_remaining/multi_col/248.png,"Today, roughly half of both Democrats (47%) and Republicans (48%) express a favorable view of the Department of Education. This marks a shift from surveys conducted throughout the Obama administration, when Democrats were consistently more likely than Republicans to view the department favorably. A similar pattern is evident in opinions of the Environmental Protection Agency (EPA). In surveys conducted between 2010 and January 2017, there was a wide partisan gap in views of the agency: By margins of 20 percentage points or more, Democrats had more favorable views of the EPA than Republicans. That partisan gap is substantially narrower today.",good
mturk_charts/no_data_remaining/multi_col/249.png,"Americans continue to be split in their preferences for the size and scope of government: 48% of adults say they would rather have a smaller government with fewer services provided, while 46% say they would prefer a bigger government with more services.",good
mturk_charts/no_data_remaining/multi_col/250.png,"The first full fiscal year of the Trump administration saw large increases in the number of people arrested and criminally prosecuted for immigration offenses such as entering and reentering the United States illegally, according to recently published government data. The number of federal criminal arrests for immigration offenses surged from 58,031 in fiscal 2017 to 108,667 in fiscal 2018 – an 87% increase, according to an August report by the Bureau of Justice Statistics (BJS). The 2018 total was considerably higher than in any other fiscal year in two decades. Following the same trajectory, the number of suspects who were criminally prosecuted for immigration offenses rose 66% between fiscal 2017 and 2018, from 59,797 to 99,479 – also a two-decade high.",good
mturk_charts/no_data_remaining/multi_col/251.png,"Roughly seven-in-ten U.S. adults (72%) say they have read a book in the past 12 months in any format, a figure that has remained largely unchanged since 2012, according to a Pew Research Center survey conducted Jan. 8-Feb. 7, 2019. Print books remain the most popular format for reading, with 65% of adults saying they had read a print book in the year before the survey.",good
mturk_charts/no_data_remaining/multi_col/252.png,"Americans’ views of the UN have generally remained steady, but partisan divides have widened since 2013. The share of Democrats who have a positive view of the UN is generally higher than the share of Republicans who say the same, but the partisan gap has been especially large since 2013. That year, 72% of Democrats and 41% of Republicans expressed a favorable view – a difference of 31 percentage points. This year, Democrats are 41 points more likely than Republicans to see the UN positively (77% vs. 36%). The share of Republicans who currently have a favorable view of the UN is at its lowest point in almost 30 years of Pew Research Center surveys.",good
mturk_charts/no_data_remaining/multi_col/253.png,"Looking ahead, those changes will become even more pronounced. Based on census data, Pew Research Center projects that the first- and second-generation immigrant segment of the American population will swell to 37% by 2050, compared with 15% back in 1965. This roughly matches the first- and second-generation immigrant percentage of the public at the turn of the 20th century, which was a high point in American immigration. (For updated projections, see the Center’s September 2015 report “Modern Immigration Wave Brings 59 Million to U.S., Driving Population Growth and Change Through 2065.”)",complex
mturk_charts/no_data_remaining/multi_col/254.png,"But slowly, opinions have begun to change over the course of the past two decades. By 2014, a healthy 57% majority had come to the opposite point of view, saying that immigrants strengthened the country through their hard work; and just 35% now say that the increasing number of immigrants is threatening American values. (As of January 2019, 62% say immigrants strengthen the country, while 28% say they burden the country by taking jobs, housing and health care.)",good
mturk_charts/no_data_remaining/multi_col/255.png,"Most U.S. veterans who served in the post-9/11 era say their military service was useful in giving them skills and training needed for jobs outside the military, a new Pew Research Center report finds. And in fact, veterans of prime working age generally fare at least as well in the U.S. job market as non-veterans, though there are some differences in the work they do and in which industries.",good
mturk_charts/no_data_remaining/multi_col/257.png,"In 2017, women represented 16% of the overall active duty force, up from 9% in 1980 and just 1% in 1970. The percentage of officers who are women has steadily grown since the 1970s. For example, in 1975, 5% of commissioned officers were women, and, by 2017, that share had risen to 18%.",good
mturk_charts/no_data_remaining/multi_col/256.png,"More Americans get news on social media than from print newspapers. In 2018, one-in-five adults said they often get news on social media. And Facebook continues to dominate as the most common social media site used for news by Americans: About four-in-ten Americans (43%) get news on this site.",unquestionable
mturk_charts/no_data_remaining/multi_col/258.png,"In terms of specific platforms, around three-fourths or more of both Millennials and Gen Xers now report using Facebook (84% vs. 74%, respectively). Boomers and Silents have both increased their Facebook use by double digits since 2015. In fact, the share of Silents using Facebook has nearly doubled in the past four years, from 22% to 37%.",good
mturk_charts/no_data_remaining/multi_col/259.png,"Overall, about half of U.S. adults (52%) say they would increase federal spending for scientific research, according to a Pew Research Center survey conducted in March, up 15 percentage points since 2013. Just 14% say scientific research funding should be decreased, while roughly three-in-ten (31%) think it should stay the same. But Democrats are more likely than Republicans to support increased spending for scientific research. Around six-in-ten Democrats and Democratic-leaning independents (62%) favor this now, up from 46% in 2013. Four-in-ten Republicans and Republican leaners support increased spending for scientific research today, up from 25% six years ago.",unquestionable
mturk_charts/no_data_remaining/multi_col/260.png,"But Democrats are more likely than Republicans to support increased spending for scientific research. Around six-in-ten Democrats and Democratic-leaning independents (62%) favor this now, up from 46% in 2013. Four-in-ten Republicans and Republican leaners support increased spending for scientific research today, up from 25% six years ago. The partisan gap in views of spending for scientific research has grown over the long term. In 2001, there was no significant divide between the parties. In subsequent years, Republican support trended steadily downward before going up more recently. Democratic support remained relatively steady for more than a decade before rising significantly in a 2017 survey. The partisan gap in support for more federal spending on scientific research was 16 percentage points in 2011; it grew to 27 points in 2017 and now stands at 22 points.",good
mturk_charts/no_data_remaining/multi_col/262.png,"There is a substantial – and growing – partisan divide on abortion, with Democrats and those who lean toward the Democratic Party much more likely than Republicans and GOP leaners to support legal abortion in all or most cases (82% vs. 36%). There also are large gaps based on religious affiliation. For example, three-quarters of white evangelical Protestants (77%) say abortion should be illegal in all or most cases, while an even larger share of religiously unaffiliated Americans (83%) take the opposing view, saying that abortion should be mostly or entirely legal.",unquestionable
mturk_charts/no_data_remaining/multi_col/261.png,"The CPS also drills down to asking people exactly which members of their household use the internet at various places, yielding an estimate that 79% of U.S. adults personally use the internet from anywhere. Unfortunately, the CPS does not ask its respondents whether they personally access the internet using a cellular data plan. This CPS estimate lines up closely with the 2018 National Health Interview Survey (NHIS), which estimates that 79% of U.S. adults would say yes to a very simple question, “Do you use the internet?” Another potential measurement wrinkle comes from the various types of activities people can engage in on the internet. Some might equate “using the internet” with web browsing alone, inadvertently excluding email. Someone who only checks their email via a standalone email client or a mobile app could potentially say they don’t use the internet. Fortunately, the NHIS also asks respondents whether they send or receive emails. If we combine this with the previous estimate, we get a slight uptick to 81% of U.S. adults who either “use the internet” or use email. While these varied approaches to measuring internet use can be bewildering, they all tell roughly the same story when viewed over time. Whether the measure is internet access, home internet use, personally using the internet anywhere, or the Center’s composite measure which includes email and cellphones, more and more Americans have the internet than in previous years.",good
mturk_charts/no_data_remaining/multi_col/263.png,"The vast majority of Americans expect abortion to remain at least mostly legal in the U.S. A survey conducted in December 2018 asked Americans what they think the status of abortion laws in the country will be in 2050; about three-quarters said it will either be legal with no restrictions (22%) or legal with some restrictions (55%). Far fewer said it will be illegal except in certain cases (16%) or illegal with no exceptions (5%).",good
mturk_charts/no_data_remaining/multi_col/264.png,"As debates over abortion continue in states around the country, a majority of Americans (61%) continue to say that abortion should be legal in all (27%) or most (34%) cases. A smaller share of the public (38%) says abortion should be illegal in all (12%) or most cases (26%).",good
mturk_charts/no_data_remaining/multi_col/266.png,"Over the past 35 years, the share of American workers who belong to labor unions has fallen by about half. Union membership peaked in 1954 at nearly 35% of all U.S. workers (excluding the self-employed), but in 2018 the unionization rate was just 10.5%. (The share of workers represented by unions is a bit higher, 11.7%, because about 1.6 million workers who aren’t union members are in jobs covered by a union contract.) The actual number of union members was 14.7 million last year, according to the Bureau of Labor Statistics (BLS). In 2012, union membership hit its lowest point since the current data series began in the early 1980s, falling below 14.4 million, before turning modestly upward.",good
mturk_charts/no_data_remaining/multi_col/265.png,"While Republicans and Democrats have long differed in their views on abortion, the partisan gap today is larger than it has been in recent years. And the growing partisan gap has been driven largely by an increase in support for legal abortion among Democrats. In the current survey, Democrats and Democratic leaners are 46 percentage points more likely than Republicans and Republican leaners to say abortion should be legal in all or most cases (82% vs. 36%). This gap is wider than it has been in previous Pew Research Center surveys dating to 2007. For instance, in 2016, there was a 33-point gap between the shares of Democrats (72%) and Republicans (39%) who supported legal abortion in all or most cases.",good
mturk_charts/no_data_remaining/multi_col/267.png,"Millennials are now the largest generation in the U.S. labor force. Roughly a third of Americans in the labor force (35%, or 56 million) are Millennials – those ages 23 to 38 in 2019. In 2016, Millennials surpassed Generation Xers (ages 39 to 54 in 2019) to become the single largest generational group in the U.S. labor force. Compared with Baby Boomers, Gen Xers’ place as the dominant generation within the labor force was very short-lived – just three years.",good
mturk_charts/no_data_remaining/multi_col/268.png,"American women earn 85 cents on the dollar compared with men, but that gap is narrower among younger workers. In 2018, among workers ages 25 to 34, women’s earnings were 89% those of men, according to a Pew Research Center analysis of median hourly wages that includes full- and part-time workers. But evidence suggests that as women enter the responsibilities of parenthood their earnings fall further behind same-aged male counterparts. Several other factors are believed to contribute to the persistence of the gender wage gap, among them the impact of broader family caregiving responsibilities, differences in the industries and occupations in which women and men work, workplace gender discrimination, and differences in workforce experience.",good
mturk_charts/no_data_remaining/multi_col/270.png,"The wage gap between young workers with college degrees and their less-educated counterparts is the widest in decades. Despite the pressures of academic life, soaring college costs and burdensome student loans, young college graduates were better off than their degreeless peers on many measures of economic well-being and career attainment, and to a greater extent than in the past. The Center’s most recent analysis found that the median salary for college graduates ages 25 to 37 working full time earned was about $24,700 more annually than employed young adults holding only a high school diploma. The pay gap was significantly smaller in previous generations.",good
mturk_charts/no_data_remaining/multi_col/269.png,"The gender gap is just one of several gaps in earnings that characterize the American workforce. A separate Center analysis from 2016, for example, found that white men had higher median hourly earnings ($21) than every other racial or ethnic and gender subgroup except one: Asian men, whose median hourly earnings were $24.",unquestionable
mturk_charts/no_data_remaining/multi_col/271.png,"A much smaller share of U.S. teens work today compared with earlier decades. Teens spend 26 minutes a day, on average, doing paid work during the school year, compared with 49 minutes about a decade ago and 57 minutes in the mid-1990s, according to a recent Pew Research Center analysis of time use data from the BLS. Teens also are working less during the summer. As recently as two decades ago, roughly half of U.S. teens could expect to be working for at least part of their summer vacation. But the share of teens working summer jobs has dwindled since the early 1990s: After bottoming out in 2010 and 2011 at 29.6%, the teen summer employment rate began rising again but was still only 34.6% in summer 2017. (From 1940 through the late 1980s, the teen summer employment rate generally fluctuated between 46% and 58%.) The decline of teens in summer jobs reflects an overall decline in youth employment in recent decades, a trend that’s also been observed in other advanced economies.",good
mturk_charts/no_data_remaining/multi_col/272.png,"As Americans look ahead to the next 20 years, a large majority of the public (82%) expects scientific developments to make people’s lives better, while 11% think new developments will make no difference and 6% expect such developments will make people’s lives worse. Large majorities of white and Hispanic adults (84% and 83%, respectively) and somewhat fewer black adults (74%) are optimistic that new scientific developments will improve lives.",unquestionable
mturk_charts/no_data_remaining/multi_col/273.png,"Lower fertility rates and aging populations have become worldwide concerns, but the G7 nations – Canada, France, Germany, Italy, Japan, the United Kingdom and the United States – have stood out for their lower birth rates and graying of their citizens since the mid-20th century, when the United Nations first recorded this data. The biggest gap occurred during 1970-1975, when the group of leading industrial nations was established. At that time, the global fertility rate was 4.47 projected lifetime births per woman, but 2.03 among G7 nations. The gap between global fertility rates and those of the G7 nations has closed dramatically since then, and the UN projects that the gap between global and G7 fertility will continue to narrow.",good
mturk_charts/no_data_remaining/multi_col/274.png,"In most of the 11 countries surveyed, a majority of adults report using at least one of the seven social media platforms or messaging apps included in this survey: Facebook, WhatsApp, Twitter, Snapchat, Instagram, Viber and Tinder. Social media use is especially common in Lebanon, Jordan, Colombia and Mexico, where about three-quarters or more use at least one of these services. Kenya and India are the only countries where a majority of adults do not use at least one of these social media or messaging services.",good
mturk_charts/no_data_remaining/multi_col/275.png,"Over the past year, the United States and China have slapped a series of escalating tariffs on one another, with the U.S. now taxing more than $250 billion worth of Chinese goods. Despite periodic, high-level meetings intended to defuse these trade tensions, results of a new Pew Research Center survey indicate Americans believe economic ties between China and the U.S. are poor. And, amid these economic concerns, unfavorable opinions of China have reached a 14-year high. Today, 60% of Americans have an unfavorable opinion of China, up from 47% in 2018 and at the highest level since Pew Research Center began asking the question.",good
mturk_charts/no_data_remaining/multi_col/276.png,"Republicans and Democrats largely agree in their assessments of how China’s growing economy and military will affect the U.S. But, while both Republicans and Democrats have unfavorable views of China, Republicans’ opinions are somewhat more negative: 70% of Republicans and independents who lean Republican have an unfavorable opinion of China today, compared with 59% of Democrats and Democratic-leaning independents. While unfavorable opinion of China increased among partisans of all stripes over the past year, Republicans and Republican-leaning independents have become particularly negative in their evaluations of China. Seven-in-ten Republicans and Republican leaners have an unfavorable opinion of China today, up from 51% in 2018. Among Democrats and Democratic leaners, unfavorable opinion increased somewhat less over the same period, from 47% to 59%.",good
mturk_charts/no_data_remaining/multi_col/277.png,"Shifting attitudes toward China are colored, in part, by the context of the continued trade frictions and tariffs between the United States and China. Today, just over half of Americans (53%) believe current economic ties between the U.S. and China are bad. Fewer (41%) think economic relations between the two nations are good, with just 2% of American adults saying ties are very good. Partisanship is associated with views of the U.S.-China economic relationship: While 49% of Republicans and Republican-leaning independents see current ties as good, around one-third (36%) of Democrats and Democratic-leaning independents share this view. And, despite having more favorable views of China, younger Americans (ages 18 to 29) are about as likely as those 50 and older to have negative views of current economic relations with China (58% and 53%, respectively, say ties are bad).",unquestionable
mturk_charts/no_data_remaining/multi_col/278.png,"China’s navy and air force are the largest in Asia, and defense spending has risen rapidly over the past decade. Against this backdrop, a large majority of Americans (81%) say China’s growing military power is a bad thing for the U.S. Only about one-in-ten (11%) say it’s a good thing. Even among those with favorable views of China, roughly seven-in-ten (69%) view its expanding military power negatively. Nationwide, the sense that China’s growing military would be beneficial for the U.S. has remained largely unchanged over the past decade. But even while many Americans are concerned about the potential impact of China’s military growth, they are somewhat sanguine about how China’s economic growth affects the United States. Half of Americans think China’s growing economy is a good thing for the U.S. while 41% say it’s a bad thing. When first asked in 2005, similar proportions felt the same (49% good, 40% bad). Such optimism was not always the case, though. Those saying China’s economic achievements were good for America dropped to less than 40% in 2008 and 2011. However, in 2014 these attitudes rebounded slightly.",unquestionable
mturk_charts/no_data_remaining/multi_col/279.png,"Although China’s economy has grown consistently at above 6% for more than a decade, Americans’ views of which country – China or the U.S. – has the strongest economy have fluctuated considerably over this same period. Since 2015, however, when asked to choose between the U.S., China, Japan and the countries of the European Union as the world’s leading economic power, Americans tend to choose their own country. Today, half of Americans say the U.S. is the dominant economy, whereas roughly one-third (32%) name China – an 18 percentage point difference.",good
mturk_charts/no_data_remaining/multi_col/280.png,"Americans have limited confidence in President Xi On balance, Chinese President Xi Jinping receives negative ratings from the American public. Half of U.S. adults surveyed say they have little or no confidence in the Chinese leader, while 37% have at least some confidence. This is little changed from 2018 but has increased 9 percentage points since the question was first asked in 2014.",good
mturk_charts/no_data_remaining/multi_col/281.png,"Overall, a 63% majority of Americans say the scientific method generally produces sound conclusions. But, here too, Democrats have more confidence than Republicans. Seven-in-ten Democrats see the scientific method as generally sound. A smaller majority of Republicans (55%) say the same, while 44% believe the scientific method can be used to produce any conclusion the researcher wants.",good
mturk_charts/no_data_remaining/multi_col/282.png,"While the birth rate has declined among both U.S.-born and foreign-born women, immigrant women saw the biggest decline, from 90.7 births per 1,000 women in 2000 down to 77.4 in 2017. Among U.S.-born women, the birth rate dropped from 60.9 to 56.2. Still, immigrant fertility remains far higher than that of the U.S. born – as has long been the case.",good
mturk_charts/no_data_remaining/multi_col/285.png,"Views of Congress have grown more positive among Democrats – and less positive among Republicans – since Democrats won control of the House of Representatives last November. Since March 2018, the share of Democrats and Democratic leaners with a favorable opinion of Congress has risen 19 percentage points from 24% to 43%. The share of Republicans with a favorable view of Congress has declined 10 points since then (37% to 27%).",good
mturk_charts/no_data_remaining/multi_col/284.png,"The widening partisan gap has been largely driven by liberal Democrats, who have become much more negative in their views. Just 40% of liberal Democrats currently have a favorable view of the Supreme Court – the lowest percentage among this group in at least 15 years. Liberal Democrats are now far less likely than conservative and moderate Democrats (57% favorable) – or Republicans regardless of ideology – to view the court positively.",good
mturk_charts/no_data_remaining/multi_col/286.png,"Currently, 45% of the public has a favorable opinion of the Republican Party, while 52% view the GOP unfavorably. Opinions about the Democratic Party are the same (45% favorable, 52% unfavorable).",unquestionable
mturk_charts/no_data_remaining/multi_col/287.png,"Despite rapid declines in teen birth rates across all major racial and ethnic groups, disparities persist. In 2018, the birth rate for Hispanic and black teens ages 15 to 19 was almost double the rate among white teens and more than five times as high as the rate among Asians and Pacific Islanders.",good
mturk_charts/no_data_remaining/multi_col/289.png,"The survey’s four questions about Judaism included two about Jewish holidays, one about Jewish mysticism (Kabbalah) and one about Maimonides, a preeminent Jewish scholar of the Middle Ages. About eight-in-ten Jews or more know that the Jewish Sabbath begins on Friday (89%), that Rosh Hashana is the Jewish New Year (82%) and that Kabbalah is associated with Judaism (79%). The question about Maimonides was one of the toughest on the survey for Americans overall, but still, 58% of U.S. Jews know that Maimonides was Jewish. Jewish respondents correctly answer 3.1 of these four questions, on average. By contrast, U.S. adults overall answer only about one (0.9) of these four questions correctly, on average. Three-in-ten (29%) know that the Jewish Sabbath begins on Friday, and about a quarter know that Kabbalah is associated with Judaism (27%) or that Rosh Hashana is the Jewish New Year (24%). Just 13% know that Maimonides was Jewish.",good
mturk_charts/no_data_remaining/multi_col/288.png,"It’s worth noting that birth rate figures only include live births. In 2013, the estimated teen pregnancy rate – which reflects not only live births, but also miscarriages, stillbirths and abortions – was 43.4 pregnancies per 1,000 females ages 15 to 19. This marks a steep decline, especially since 1990, when the pregnancy rate among teens peaked at 117.6. The abortion rate among 15- to 19-year-old girls and women has also been declining, from 44.0 per 1,000 in 1988 to 10.6 in 2013. Of the roughly 450,000 pregnancies among teens in 2013, about 61% are estimated to have ended in live births, 24% in abortions and 15% in miscarriages or stillbirths.",unquestionable
mturk_charts/no_data_remaining/multi_col/290.png,"Mid-market newspapers – those with average Sunday circulations between 100,000 and 249,999 – were more likely than either lower- or higher-circulation newspapers to have experienced layoffs in 2018. Roughly a third of mid-market newspapers (36%) had layoffs, compared with 18% of lower-circulation newspapers (those with a circulation between 50,000 and 99,999) and 29% of high-circulation newspapers (at least 250,000). The share of layoffs at mid-market newspapers increased somewhat between 2017 and 2018, while it declined for both lower- and high-circulation papers.",good
mturk_charts/no_data_remaining/multi_col/291.png,"Since 2014, the number of K-12 public school students from racial and ethnic minority groups – including Hispanic, black and Asian Americans – has been higher than the white student population nationwide, according to the U.S. Department of Education. In fall 2019, children from racial and ethnic minority groups are projected to make up 52.9% of public K-12 students. That’s a sharp increase from 1995, when minority groups accounted for just 35.2% of these students.",complex
mturk_charts/no_data_remaining/multi_col/292.png,"There were more 27-year-olds in the United States than people of any other age in 2018. But for white Americans, the most common age was 58, according to a Pew Research Center analysis of Census Bureau data. The most common age was 11 for Hispanics, 27 for blacks and 29 for Asians as of last July, the latest estimates available. Americans of two or more races were by far the youngest racial or ethnic group in the Census Bureau data, with a most common age of just 3 years old. Among all racial and ethnic minorities, the most common age was 27.",good
mturk_charts/no_data_remaining/multi_col/293.png,"Non-Hispanic whites constituted a majority (60%) of the U.S. population in 2018, and they were also the oldest of any racial or ethnic group as measured by median age – a different statistic than most common age (mode). Whites had a median age of 44, meaning that if you lined up all whites in the U.S. from youngest to oldest, the person in the middle would be 44 years old. This compares with a median age of just 31 for minorities and 38 for the U.S. population overall.",good
mturk_charts/no_data_remaining/multi_col/294.png,"Americans’ views of free trade agreements have grown increasingly positive. Today, 65% of the public says free trade agreements between the U.S. and other countries have been a good thing for the United States and 22% say they have been a bad thing. While Democrats have been consistently positive about free trade agreements in recent years, Republicans turned more negative during the 2016 presidential campaign. But today, 59% of Republicans say free trade agreements are good for the U.S – roughly double the share who said this in October 2016 (29%).",good
mturk_charts/no_data_remaining/multi_col/295.png,"Nearly two-thirds of adults say that when it comes to economic and trade policy toward China, it is more important to build a stronger relationship with China on economic issues (62%) than to get tougher with China on economic issues (35%). This is the highest share saying this since the question was first asked in March 2011. As in the past, Republicans are more likely to prioritize getting tougher on China over building a stronger relationship. Today, 54% say it’s more important to get tougher with China on economic issues, while 44% say it is more important to build a stronger relationship with China. Over the past several years, Democrats have grown less likely to say it is more important to get tougher on China on economic issues. Just 19% say this today, down from 32% in 2011.",good
mturk_charts/no_data_remaining/multi_col/283.png,"At a time of low public trust in the federal government, a majority of Americans (62%) say they have a favorable view of the Supreme Court. However, Democrats and Republicans are increasingly divided in their assessments of the court. Today, three-quarters of Republicans and Republican-leaning independents have a favorable opinion of the Supreme Court, compared with only about half (49%) of Democrats and Democratic leaners, according to a new Pew Research Center survey. The 26 percentage point difference between the two parties is among the widest it has been over the past two decades. Republicans’ views of the court have grown much more positive over the past four years. In 2015, following the court’s end-of-term rulings upholding same-sex marriage and most of the Affordable Care Act, GOP views of the Supreme Court reached a 30-year low; just 33% had a favorable opinion. The share of Republicans with a favorable view of the court rose to 82% this past January – equaling its highest point in decades – before slipping to 75% in the most recent survey.",good
mturk_charts/no_data_remaining/multi_col/296.png,"About two-thirds of Americans (65%) currently say free trade agreements between the U.S. and other countries have been a good thing for the United States – an increase of 9 percentage points over the past year, and a substantial shift in public opinion since the eve of the 2016 election (when roughly equal shares said trade agreements were a good thing – 45% – as said they were a bad thing – 43%). Views of free trade agreements are now more positive than at any point in the last decade. For the first time since the 2016 campaign, more Republicans say free trade agreements have been a good thing for the United States than say they have been a bad thing. Today, 59% of Republicans and Republican leaners say free trade agreements have been a good thing for the country; 29% say they have been a bad thing. The current balance of opinion within the GOP is similar to views in the spring of 2015, when 56% said trade agreements were a good thing and 34% said they were a bad thing. Nearly three-quarters of Democrats and Democratic leaners (73%) now say free trade agreements are good for the country, up from 67% last spring. Democratic views of free trade agreements have long been more positive than negative, but they are now more positive than at any point since the question was first asked in 2009.",good
mturk_charts/no_data_remaining/multi_col/297.png,"Negative views of technology companies’ impact on the country have nearly doubled during this period, from 17% to 33%, according to a new Pew Research Center survey. Nearly one-in-five (18%) now volunteer their impact has been neither positive nor negative or that it is mixed, or they offer no opinion.",good
mturk_charts/no_data_remaining/multi_col/298.png,"In 2014, the public was divided over the role of the government in the health care system – 47% said the government was responsible for making sure all Americans have health care coverage, while 50% said it was not. The public subsequently grew more supportive of the government ensuring that all Americans had health care coverage. Since last fall, however, there has been a 7 percentage point drop (from 60% to 53%) in the share of Americans who say this. The share of Republicans and Republican leaners holding the view that ensuring health care coverage is the government’s responsibility has decreased by 9 points since September 2018, from 29% to 20%. Democratic views have not changed significantly over the past year – in September 2018, 85% said making sure all Americans have health care coverage was the federal government’s responsibility; 81% say this today.",good
mturk_charts/no_data_remaining/multi_col/299.png,"Americans continue to have positive views of the nation’s economy, according to a new Pew Research Center survey. A majority of the public (55%) says that national economic conditions are excellent or good. This is little changed since January but remains one of the most positive assessments of national economic conditions in nearly two decades.",good
mturk_charts/no_data_remaining/multi_col/300.png,"Nearly nine-in-ten Republicans who make $75,000 or more (88%) now rate economic conditions as excellent or good – including 45% who say the economy is in excellent shape. By comparison, only about half of Republicans with incomes of less than $30,000 (54%) rate economic conditions positively. The income gap in perceptions of the economy among Republicans has grown considerably in recent years: In the fall of 2016, there were only modest differences in GOP ratings of the economy across income groups. Among Democrats, the income gap in economic perceptions is more modest: About four-in-ten Democrats and Democratic leaners with family incomes of $75,000 or more (39%) say the economy is excellent or good; 26% of Democrats who make less than $30,000 say the same.",good