img_path,"summary",category
mturk_charts/no_data_remaining/multi_col/101.png,"When asked how much confidence they have in Chinese President Xi Jinping to do the right thing regarding world affairs, about three-quarters of Americans say they have not too much confidence or no confidence at all (77%). And, for the first time since the question was first asked in 2014, a majority (55%) now say they have no confidence at all in the Chinese president. This is a 10-point increase from March and more than double the share who said so last year.",complex
mturk_charts/no_data_remaining/multi_col/102.png,"As COVID-19 cases have surged in the United States, young adults face a weakening labor market and an uncertain educational outlook. Between February and June 2020, the share of young adults who are neither enrolled in school nor employed – a measure some refer to as the “disconnection rate” – has more than doubled, according to a new analysis of Census Bureau data by Pew Research Center. Most of the increase is related to job loss among young workers. At the beginning of 2020, the share of Americans ages 16 to 24 who were “disconnected” from work and school mirrored rates from the previous year. But between March and April, the share jumped significantly, from 12% to 20%. By June 2020, 28% of youths were neither in school nor the workplace. While not the highest on record, June’s 28% disconnection rate – which translates into 10.3 million young people – is the highest ever observed for the month of June, dating back to 1989 when the data first became available. This trend is one indicator of the difficulties young people are facing as they transition into adulthood during a global pandemic.",unquestionable
mturk_charts/no_data_remaining/multi_col/103.png,"The gap between Republicans and Democrats in perceptions of the public health threat posed by COVID-19 is about the same as it was in early May, before cases surged in a number of states, including Alabama, Arizona, Florida, South Carolina and Texas. The partisan gap was somewhat smaller during the early stages of the outbreak in the U.S. in mid-March.",good
mturk_charts/no_data_remaining/multi_col/104.png,"Overall, respondents in nations with lower gross domestic product are more likely to say that belief in God is necessary to be moral and have good values. In other words, there is an inverse relationship between GDP per capita and the percentage of the public that draws this connection between belief in God and morality. Statistical analysis shows a strong inverse correlation, with a coefficient of -0.86.",good
mturk_charts/no_data_remaining/multi_col/105.png,"Opinion of China has fallen across most generations – but younger adults remain more positive than others. Across generations, only minorities today say they have a favorable view of China – down substantially since the question was first asked in 2005. But Millennials (32%) see the country in a more positive light than do Gen Xers (23%) or Boomers (21%).",good
mturk_charts/no_data_remaining/multi_col/106.png,"Views of Russia are also down across generations, but younger Americans remain somewhat more positive. Over the last decade or so, the share of Americans who hold a favorable view of Russia has been halved, dropping from 44% in 2007 to 22% today. The decline in support for Russia is sharpest among Boomers: While 45% initially saw Russia favorably more than 10 years ago, only 14% say the same today. Millennial attitudes, too, have turned more negative – falling from 52% favorable in 2007 to 25% in 2020 – but they remain relatively more favorable toward Russia than most older cohorts (though similar to the 23% of Gen Xers who have a favorable opinion of the country).",good
mturk_charts/no_data_remaining/multi_col/107.png,"Younger generations tend to be more favorable toward international organizations. Millennials are at least 10 percentage points more favorable toward the United Nations than are Gen Xers or Boomers. Opinions of the multilateral organization have largely fluctuated in tandem since the question was first asked in 2004.",good
mturk_charts/no_data_remaining/multi_col/108.png,"Older generations of Americans are more likely to see their country as exceptional. This is the case when it comes to whether people think the United States stands above all other countries in the world; that it is one of the greatest countries, along with others; or that other countries are better than the U.S. Around four-in-ten Boomers or Silent Generation members say the U.S. stands above all other countries in the world, while only around a quarter or fewer of Gen Xers (26%) and Millennials (22%) say the same.",good
mturk_charts/no_data_remaining/multi_col/109.png,"Older generations are more likely to see the U.S. as the world’s leading economy. In 2008, generations differed little in their assessments of which country was the world’s leading economic power – the U.S., China, countries in the EU or Japan. But, particularly since 2016, generational gaps have emerged. Now, Gen Xers are more likely than Millennials to say the U.S. is the world’s leading economy (66% vs. 51%, respectively).",good
mturk_charts/no_data_remaining/multi_col/110.png,"The recent decline in Trump’s job approval can be seen across most demographic and political groups. For instance, Republicans and Republican leaners are now 7 percentage points less likely to say they approve of Trump than in March (78%, vs. 85% then). Among Democrats and Democratic leaners, Trump’s approval rating is down 6 points over this period of time (from 12% in March to 6% today). The partisan gap in ratings of Trump remains as wide or wider than those seen for other previous U.S. presidents in the polling era.",good
mturk_charts/no_data_remaining/multi_col/111.png,"Just 12% of Americans say they are satisfied with the way things are going in this country today – a 19 percentage point decline in national satisfaction since April and lower than at any previous point in Trump’s presidency. Nearly nine-in-ten (87%) now say they are dissatisfied with the way things are going. The partisan gap in levels of satisfaction has narrowed to just 12 percentage points, with 19% of Republicans and Republican leaners and 7% of Democrats and Democratic leaners now saying they are satisfied with the way things are going. Until today, GOP satisfaction had been above 50% for nearly all of Trump’s presidency – including 55% of Republicans reporting they were satisfied with the way things were going as recently as April. While Democratic satisfaction is also lower than it was two months ago, this reflects a more modest decline (from 10% to 7%).",good
mturk_charts/no_data_remaining/multi_col/112.png,"The share of the public holding positive views is similar to April, when 23% of Americans rated the economy as excellent or good, but remain significantly more negative than they were in January, prior to the coronavirus outbreak in the U.S., when 57% of Americans rated the economy as excellent or good. While overall views of the economy are little changed over the last two months, assessments of the economy have grown more positive among Republicans and Republican-leaning independents: 46% now rate the economy as excellent or good, up from 37% in April. As was the case in April, only about one-in-ten (9%) Democrats and Democratic leaners currently rate the economy as excellent or good.",good
mturk_charts/no_data_remaining/multi_col/113.png,"For example, in Sweden, the Netherlands and Germany, all of which have a per-capita gross domestic product over $50,000, acceptance of homosexuality is among the highest measured across the 34 countries surveyed. By contrast, in Nigeria, Kenya and Ukraine, where per-capita GDP is under $10,000, less than two-in-ten say that homosexuality should be accepted by society. The 2019 survey shows that while majorities in 16 of the 34 countries surveyed say homosexuality should be accepted by society, global divides remain. Whereas 94% of those surveyed in Sweden say homosexuality should be accepted, only 7% of people in Nigeria say the same. Across the 34 countries surveyed, a median of 52% agree that homosexuality should be accepted with 38% saying that it should be discouraged. But in sub-Saharan Africa, the Middle East, Russia and Ukraine, few say that society should accept homosexuality; only in South Africa (54%) and Israel (47%) do more than a quarter hold this view.",good
mturk_charts/no_data_remaining/multi_col/114.png,"Pew Research Center has been gathering data on acceptance of homosexuality in the U.S. since 1994, and there has been a relatively steady increase in the share who say that homosexuality should be accepted by society since 2000. However, while it took nearly 15 years for acceptance to rise 13 points from 2000 to just before the federal legalization of gay marriage in June 2015, there was a near equal rise in acceptance in just the four years since legalization.",good
mturk_charts/no_data_remaining/multi_col/115.png,"Most Republicans and their leaners say abortion should be illegal (62%) in all or most cases, with a larger share saying it should be illegal in most cases (45%) than in all cases (17%). Republicans who live in the Northeast and those who identify as moderate or liberal are less likely than other Republicans to say abortion should be illegal in all cases. Democrats, for their part, are more unified in support of legal abortion than Republicans are against it, with 82% of Democrats saying abortion should be legal all or most of the time. But Democrats are roughly split on whether it should be legal in all cases (40%) or most cases (42%). Democrats who live in the South, those who are ages 65 and older, and those who identify as conservative or moderate are less likely than other Democrats to say abortion should be legal in all cases.",good
mturk_charts/no_data_remaining/multi_col/116.png,"And, as in Taiwan, many other publics in the Asia-Pacific region see economic engagement with both the U.S. and China in positive terms. For example, pluralities or majorities in Australia, the Philippines and Indonesia say their country’s current economic ties with the U.S. and China are good. While opinions in Japan, India and South Korea are more divided, a quarter or more in each country say ties with both Beijing and Washington are good.",good
mturk_charts/no_data_remaining/multi_col/117.png,"Pew Research Center and Körber-Stiftung have conducted parallel surveys in the U.S. and Germany in recent years to learn more about the way Americans and Germans perceive the relationship between their countries. Based on these and other surveys, here are some fast facts about how people in the two nations see the importance of American military bases in Germany, as well as broader questions about security issues.",unquestionable
mturk_charts/no_data_remaining/multi_col/118.png,"Americans are far more likely than Germans to say it is sometimes necessary to use military force to maintain order in the world. Around eight-in-ten Americans (78%) agreed with this notion in 2019, while around two-in-ten (21%) disagreed with it. Germans were far more divided: 47% agreed that it is sometimes necessary to use military force to maintain order in the world, while 52% disagreed.",good
mturk_charts/no_data_remaining/multi_col/119.png,"Since late March to early May, the share of Republicans who view the outbreak as a major threat to the nation’s health dropped 9 points, from 52% to 43%, while views on this issue among Democrats increased slightly from 78% to 82%. Democrats are now nearly 40 percentage points more likely than Republicans to consider the coronavirus a major threat to the health of the population.",good
mturk_charts/no_data_remaining/multi_col/120.png,"In a survey in February and March 2018, 56% of Americans said tech companies should take steps to restrict false information online, even if it limits freedom of information. Around four-in-ten (42%) said freedom of information should be protected even if it means false information can be published. Republicans were about evenly divided on this question (50% vs. 48%), while most Democrats (60%) said tech companies should take steps to restrict false information online. Notably, Americans were more open to tech companies restricting false information online than they were about the government doing the same. Only about four-in-ten adults (39%) said the government should take steps to restrict false information online, while 58% said freedom of information should be protected even if it means false information can be published.",unquestionable
mturk_charts/no_data_remaining/multi_col/121.png,"About seven-in-ten Americans (72%) said in a May and June 2018 survey that it is somewhat or very likely that social media sites intentionally censor political viewpoints they find objectionable. More than eight-in-ten Republicans and Republican-leaning independents (85%) expressed this view, as did 62% of Democrats and Democratic-leaning independents.",good
mturk_charts/no_data_remaining/multi_col/122.png,"In the same 2018 survey, 43% of U.S. adults said major technology companies support the views of liberals over conservatives, while 11% said they support the views of conservatives over liberals; 43% said tech companies support the views of both liberals and conservatives equally. (This question was asked in the context of perceptions of tech companies’ political leanings generally, not necessarily in the context of regulating speech on their platforms.) A majority of Republicans (64%) said tech companies support the views of liberals over conservatives. Among Democrats, 53% said tech companies favor the views of both liberals and conservatives equally. Few in either party coalition (6% of Republicans and 16% of Democrats) said these companies favor the views of conservatives over liberals.",good
mturk_charts/no_data_remaining/multi_col/123.png,"Americans are divided over fact-checking efforts by news outlets and other organizations. Half of U.S. adults said in an early 2019 survey that fact-checking efforts by these organizations deal fairly with all sides, while 48% said they tend to favor one side. Partisans were sharply divided in their views: Around seven-in-ten Democrats (69%) said fact checkers deal fairly with all sides, while roughly the same share of Republicans (70%) said they tend to favor one side.",good
mturk_charts/no_data_remaining/multi_col/124.png,"While the current death rates remain highest in districts controlled by Democrats, the trend in coronavirus fatalities over time has been decreasing in Democratic districts steadily since mid-April. In contrast, Republican-controlled districts have not seen the same declines in the trend over time. In mid-April, the average number of new deaths across all congressional districts in the country peaked at about five new deaths per day. That figure has declined by about 40% overall to roughly three new deaths per day as of last week. The decline of deaths in Democratic districts has outpaced the national average, decreasing from an average of more than seven new deaths per day in mid-April to about four new deaths per day in the second half of May. During this same period, the number of new deaths in districts controlled by Republicans has remained relatively steady (an average of just under two deaths per day in GOP districts).",good
mturk_charts/no_data_remaining/multi_col/125.png,"Unfavorable opinion of China in the U.S. has reached its highest point since Pew Research Center began polling on this topic in 2005. About two-thirds (66%) of U.S. adults said in a March survey they had a negative view of the country – up nearly 20 percentage points since the beginning of the Trump administration. Roughly seven-in-ten Americans (71%) also say they do not have confidence in Chinese President Xi Jinping to do the right thing when it comes to world affairs – a high since the Center first asked the question in 2014.",good
mturk_charts/no_data_remaining/multi_col/126.png,"There’s more agreement, however, when it comes to information from the Chinese government: 84% of Americans say they place not too much or no trust in information from Beijing regarding the coronavirus outbreak. Many also believe the current crisis will have a long-term impact on China’s global stature: 50% say China will have less influence in world affairs after the pandemic. As a March Pew Research Center survey found, overall negative attitudes toward China have been on the rise – 66% of Americans expressed an unfavorable opinion of China, the most negative rating for the country since the Center began asking the question in 2005.",good
mturk_charts/no_data_remaining/multi_col/127.png,"About six-in-ten Republicans (62%) now think the U.S. does too much in helping address global challenges, while just 26% of Democrats share this view. In Pew Research Center telephone surveys dating back to 2013, the partisan gap in these views was far more modest. A related question about America’s role in international affairs also shows strong differences along both partisan and ideological lines. Six-in-ten Americans say the U.S. should focus on its own problems and let other countries deal with their problems as best they can; only 39% think the U.S. should help other countries deal with their problems. However, fully 64% of liberal Democrats believe the U.S. should help other countries. This is significantly higher than the 44% registered among moderate and conservative Democrats, and nearly triple the shares of moderate and liberal Republicans and conservative Republicans who hold this view.",unquestionable
mturk_charts/no_data_remaining/multi_col/128.png,"Last fall, as the United States Senate unanimously passed the first round of the TAIPEI Act – legislation aimed at strengthening U.S. support for Taiwan’s global standing and diplomatic ties with other nations – the Taiwan public overwhelmingly supported closer economic and political ties with the U.S., according to a Pew Research Center survey. By a nearly two-to-one margin, people in Taiwan rate the U.S. more favorably than mainland China. There is widespread support for increased economic and political ties with Washington; enthusiasm for similar relations with mainland China is much more muted. Still, even as people are skeptical about closer political relations, half would embrace closer economic ties with mainland China. Younger people are particularly likely to support closer relations with the U.S., and they are less likely to embrace closer relations with China.",good
mturk_charts/no_data_remaining/multi_col/129.png,"There were 1,501 black prisoners for every 100,000 black adults at the end of 2018, according to a new report from the Bureau of Justice Statistics (BJS), the statistical agency of the U.S. Justice Department. That was down sharply from 2,261 black inmates per 100,000 black adults at the end of 2006, according to an earlier BJS study. These statistics only count inmates sentenced to more than a year in state or federal prison. They exclude inmates held in local jails and those sentenced to shorter periods of imprisonment. Imprisonment rates have also declined for the two other major racial or ethnic groups tracked by BJS – Hispanic and white Americans – though not as much as among blacks. Between 2006 and 2018, the imprisonment rate fell 26% among Hispanics and 17% among whites. While their rate of imprisonment has decreased the most in recent years, black Americans remain far more likely than their Hispanic and white counterparts to be in prison. The black imprisonment rate at the end of 2018 was nearly twice the rate among Hispanics (797 per 100,000) and more than five times the rate among whites (268 per 100,000).",good
mturk_charts/no_data_remaining/multi_col/130.png,"In the new survey, uncertainty about COVID-19’s impact on most news organizations’ finances is one area that crosses partisan and ideological lines. About one-third of all Democrats (34%) and Republicans (32%), including liberal Democrats (37%) and conservative Republicans (34%), say they are not sure of the impact.",unquestionable
mturk_charts/no_data_remaining/multi_col/131.png,"Although they are relatively rare, these mentions of abortion add up over time: Christian churches that shared their sermons online posted an average of nine sermons each during the eight-week study period – and roughly one-in-five of those congregations (19%) heard at least one sermon that mentioned abortion. To arrive at these conclusions, the Center analyzed nearly 50,000 sermons shared online or livestreamed by more than 6,000 U.S. churches and delivered between April 7 and June 1, 2019 – a period that included Easter. The findings suggest that roughly one-in-five congregations in the evangelical Protestant, historically black Protestant and Catholic traditions heard at least one message that touched on abortion during the study period. Meanwhile, only one-in-ten mainline Protestant congregations heard about abortion during the same period.",good
mturk_charts/no_data_remaining/multi_col/132.png,"Millennials have surpassed Baby Boomers as the nation’s largest living adult generation, according to population estimates from the U.S. Census Bureau. As of July 1, 2019 (the latest date for which population estimates are available), Millennials, whom we define as ages 23 to 38 in 2019, numbered 72.1 million, and Boomers (ages 55 to 73) numbered 71.6 million. Generation X (ages 39 to 54) numbered 65.2 million and is projected to pass the Boomers in population by 2028.",good
mturk_charts/no_data_remaining/multi_col/133.png,"Support for conducting all elections by mail has risen among several groups – but not Republican men. Two years ago, similar shares of men and women in each party expressed support for vote-by-mail elections. Today, there is now a gender gap in views within the GOP. In 2018, roughly a quarter of Republican men (24%) and GOP women (28%) said they favored conducting all elections by mail. There has been no change in support for the proposal among Republican men over the last two years, but support has risen by 13 percentage points among Republican women – from 28% then to 41% today. Among both Democratic men and women, support for the proposal has risen by roughly 30 points over this period. Today, about seven-in-ten say they strongly or somewhat favor conducting all elections by mail today, up from about four-in-ten in 2018.",good
mturk_charts/no_data_remaining/multi_col/134.png,"The decade-long decline in U.S. newsroom employment hit midcareer workers the hardest. The number of full-time midcareer newsroom employees – defined as those ages 35 to 54 – dropped by 42% between 2008 and 2018, from about 52,900 to 30,800 workers, according to Census Bureau data. The number of newsroom workers ages 55 and older increased by 31% during this period, from about 16,400 to 21,400 – but not enough to offset the losses in the midcareer age group. The number of younger newsroom employees (ages 18 to 34) remained relatively stable, with no significant change occurring over the decade.",good
mturk_charts/no_data_remaining/multi_col/135.png,"The brunt of layoffs hit mid-market newspapers in 2018. Mid-market newspapers – those with average Sunday circulations between 100,000 and 249,999 – were more likely than either lower- or higher-circulation newspapers to have experienced layoffs in 2018. Roughly a third of mid-market newspapers (36%) had layoffs, compared with 18% of lower-circulation newspapers (those with circulations between 50,000 and 99,999) and 29% of high-circulation newspapers (at least 250,000). The share of layoffs at mid-market newspapers increased somewhat between 2017 and 2018, while it declined for both lower- and high-circulation papers.",good
mturk_charts/no_data_remaining/multi_col/136.png,"During 2014 and 2015, when construction of the railway was in progress, an average of 62% of Nigerians living within 150 kilometers (93 miles) of the project expressed a positive view toward China. That share increased to an average of 71% across the four years after the project’s completion in 2016.",good
mturk_charts/no_data_remaining/multi_col/137.png,"Amid record unemployment claims and the disruption of commercial activity caused by the novel coronavirus outbreak, the public’s assessments of the U.S. economy have deteriorated with extraordinary speed and severity. Just 23% of Americans now rate economic conditions in the country as excellent or good, down sharply from 57% at the start of the year.",good
mturk_charts/no_data_remaining/multi_col/138.png,"Compared with a decade ago, more Americans say protecting the environment and dealing with global climate change should be top priorities for the president and Congress. Nearly two-thirds of U.S. adults (64%) say protecting the environment should be a top priority for the president and Congress, while about half (52%) say the same about dealing with global climate change, according to a January 2020 survey. These shares have grown considerably since 2011.",good
mturk_charts/no_data_remaining/multi_col/139.png,"A 63% majority of Americans say stricter environmental regulations are worth the cost. When asked to choose, most Americans say stricter environmental regulations are worthwhile, while 30% think such laws and regulations cost too many jobs and hurt the economy. Public views on this issue have fluctuated from year to year, although the balance of opinion is nearly the same as it was when first asked 25 years ago. There are wide partisan divides on this question. As of early 2019, 81% of Democrats (and independents who lean to the Democratic Party) had a positive view of stricter environmental regulations, compared with 45% of Republicans and GOP-leaning independents. Most conservative Republicans (60%) say environmental regulations cost too many jobs and hurt the economy. GOP moderates and liberals take the opposite view: 60% in this group say such regulations are worth the cost.",good
mturk_charts/no_data_remaining/multi_col/140.png,"Since President Donald Trump took office in 2017, his approach to U.S.-China relations has included increased pressure via tariffs and trade war rhetoric, and now, with the onset of an unprecedented pandemic, the stage has been set for both sides to cast aspersions on the other. Against this backdrop, negative views of China have continued to grow, according to a new Pew Research Center survey of Americans conducted in March. Roughly two-thirds now say they have an unfavorable view of China, the most negative rating for the country since the Center began asking the question in 2005, and up nearly 20 percentage points since the start of the Trump administration. Positive views of China’s leader, President Xi Jinping, are also at historically low levels.",unquestionable
mturk_charts/no_data_remaining/multi_col/141.png,"In some ways, this is a partisan story. Republicans continue to be more wary of China than Democrats across many questions in this report. Nearly three-quarters of Republicans and Republican-leaning independents see China unfavorably, compared with roughly six-in-ten Democrats and Democratic leaners. They are also more worried about China when it comes to cybersecurity and economic issues such as job losses to China and the trade imbalance. Republicans are more likely than Democrats to see the United States outpacing China as the world’s leading economic power as well as the world’s top military. And GOP supporters almost universally say it is better that the world be led by the U.S. Still, negative views of China increased slightly among Democrats this year, so partisans of both stripes are now largely negative toward the superpower. In fact, after seeing large increases in negative views of China from 2018 to 2019, both parties registered their most unfavorable opinions to date in 2020.",good
mturk_charts/no_data_remaining/multi_col/142.png,"These are among the findings of a new survey by Pew Research Center, conducted March 3 to 29, 2020, among 1,000 adults in the U.S. The survey also finds that younger people, who have historically been more positive than older Americans toward China, now increasingly hold negative views of the country and are more prone to see it as a threat to the U.S. than in previous years. Older Americans, however, still take a more negative stance than their younger compatriots on most aspects of the U.S.-China relationship. Older Americans, those ages 50 and older, are more likely than those ages 18 to 29 to have unfavorable views of China. This has been the case every year since the Center first asked the question 15 years ago. But while half or more of those 50 and older have held negative views of China since 2012, this is the first year in which more than half of younger Americans also have an unfavorable opinion. Among this age group, negative views have roughly doubled since the question was first asked.",good
mturk_charts/no_data_remaining/multi_col/143.png,"As ratings for China have declined, so too has confidence in Chinese President Xi Jinping. Roughly seven-in-ten Americans (71%) say they do not have confidence in Xi to do the right thing when it comes to world affairs – a high since the Center first asked the question. Just 22% say they have faith in the Chinese leader, down 15 percentage points since last year.",good
mturk_charts/no_data_remaining/multi_col/144.png,"China’s economic growth has slowed in recent quarters, and the U.S. stock market logged one of its worst first quarters in history amid the spread of COVID-19. Even though unemployment surged in the U.S. throughout the March field period, marking the worst period for jobs since the 2008 recession, Americans’ sense that the U.S. is the world’s top economy has grown precipitously. Today, when asked to choose between the U.S., China, Japan and the countries of the European Union as the world’s leading economic power, 59% of Americans choose their own country, up from 50% last year. This is both the largest share to name the U.S. and the largest year-on-year increase since the question was first asked in 2008. Only three-in-ten name China, and this is largely unchanged over recent years.",good
mturk_charts/no_data_remaining/multi_col/145.png,"In recent years, the public has become more supportive of policy action related to climate change. In another Center survey conducted Jan. 8 to 13, more Americans said dealing with global climate change should be a top priority for Congress and the president than said this in early 2015 (52%, up from 34%). But again, the increased emphasis on climate policy has come among Democrats, not Republicans. Some 78% of Democrats (and independents who lean to the Democratic Party), including 87% of liberal Democrats, said this year that dealing with global climate change should be a top priority for the president and Congress. In 2015, 46% of Democrats said this. In contrast, only 21% of Republicans and GOP-leaning independents said this year that climate change should be a top priority – a virtually identical share as in 2015 (19%).",good
mturk_charts/no_data_remaining/multi_col/146.png,"With most Americans worried about the spread of infectious disease, differences among demographic groups are relatively narrow. Still, some groups register particularly high levels of concern. For example, Americans with less than a college degree are 9 percentage points more likely to be concerned about the threat of infectious disease than those who have a college degree or more education. Similarly, those who have incomes of less than $50,000 per year are 10 points more concerned about the threat posed by infectious diseases than those with higher incomes.",good
mturk_charts/no_data_remaining/multi_col/148.png,"Amid these changes, three-in-ten U.S. adults think it’s a good thing that there is growing variety in the types of family arrangements people live in, while about half as many (16%) say this is a bad thing. The largest share (45%) don’t think it makes a difference, according to a Pew Research Center survey conducted in June 2019.",good
mturk_charts/no_data_remaining/multi_col/147.png,"Views of climate change have been consistently partisan over the past decade. Now, Democrats and Democratic-leaning independents are more than twice as likely to say climate change is a major threat than Republicans and Republican-leaning independents (88% vs. 31%). The share of Democrats who believe climate change is a threat has risen from 61% in 2009, while Republican views on this issue have remained relatively steady.",good
mturk_charts/no_data_remaining/multi_col/149.png,"The widest partisan divide in the survey by far is in assessments of ICE: Republicans and Republican leaners are 49 points more likely than Democrats and Democratic leaners to hold a favorable view of the agency (77% vs. 28%).",good
mturk_charts/no_data_remaining/multi_col/150.png,"Republicans’ views of the Census Bureau have grown considerably more positive over the last two years. Today, 83% of Republicans view the Census Bureau favorably, compared with 66% who held a favorable view of the agency in 2018.",good
mturk_charts/no_data_remaining/multi_col/151.png,"The educational attainment of recently arrived Latino immigrants in the United States has reached its highest level in at least three decades, reflecting changes in where immigrants are coming from and rising education levels in Latin America and other regions, according to a Pew Research Center analysis of U.S. Census Bureau data. About a quarter (26%) of recently arrived Latino immigrants ages 25 and older had a bachelor’s degree or more education in 2018, up from just 10% in 1990. They are among a rapidly growing share of recently arrived Hispanic immigrants who have completed high school – 67% in 2018, up from 38% in 1990. These increases have helped raise the education levels of all Latino immigrants and shifted the group toward high-skill occupations and away from low-skill ones. Latino immigrants who have been in the U.S. for more than a decade have a very different educational profile than recent arrivals – defined here as those in the country for five years or less. About one-in-ten Latino immigrants who are long-term residents (12%) had a college degree in 2018, part of the 54% of long-term Latino residents who had completed high school.",unquestionable
mturk_charts/no_data_remaining/multi_col/152.png,"Newsroom employment dropped by a quarter between 2008 and 2018, but the job cuts were not shouldered equally by journalists of all ages. Midcareer news workers – those ages 35 to 54 – were hit the hardest, accounting for the bulk of the decline, according to a Pew Research Center analysis of American Community Survey data.",good
mturk_charts/no_data_remaining/multi_col/153.png,"Overall, both Canadians and Mexicans use mostly negative or neutral words to describe the U.S., and only a small portion mention a positive word. Canadians are more likely than Mexicans to use a negative word to describe the U.S. (50% vs. 31%). Except for “powerful,” “power,” “good” and “confused,” the other words mentioned at least 10 times by Canadians have a negative connotation, such as “disappointing,” “sad” and “disorganized.”",unquestionable
mturk_charts/no_data_remaining/multi_col/154.png,"Six-in-ten U.S. adults say they have a “very” or “mostly” favorable view of Pope Francis, up from roughly half who said this in September of 2018, when the question was last asked. At that time, a Pennsylvania grand jury had just published a report revealing decades of child sexual abuse by Catholic priests, and former cardinal Theodore McCarrick had recently resigned because of separate sex abuse allegations. Overall, public opinion of Pope Francis is now roughly at the same level as when he assumed the papacy in 2013, but still below higher points in 2015 and 2017, when 70% of U.S. adults said they had a “very” or “mostly” favorable view of the pontiff.",good
mturk_charts/no_data_remaining/multi_col/155.png,"U.S. Catholics are more likely than the general public to have a positive assessment of Francis. About three-quarters of Catholics (77%) now view the pope favorably, which is 10 percentage points lower than the share who did so in January 2017 (87%) but not statistically different from the ratings recorded in January or September 2018. (Even though the 2018 and 2020 surveys produced different estimates of the share of Catholics who view Pope Francis favorably, the differences between the current survey and each of the surveys conducted in 2018 do not pass a test of statistical significance.) A January 2018 survey found growing partisan polarization in views of Pope Francis, with Catholic Republicans holding less favorable views of the pontiff than Catholic Democrats. That polarization persists today, with roughly nine-in-ten (87%) Catholic Democrats and Democratic leaners viewing Francis favorably compared with 71% among Catholic Republicans and Republican leaners.",good
mturk_charts/no_data_remaining/multi_col/156.png,"There is a strong relationship between smartphone ownership and per capita gross domestic product. Those in wealthier countries tend to report owning a smartphone in higher shares than those in less wealthy nations. However, the relationship is not perfect. Smartphone ownership in Lebanon is just below that of South Korea, even as Lebanese have less than half the per capita income of South Koreans.",good
mturk_charts/no_data_remaining/multi_col/157.png,"Consider how views of America’s presidents have changed in one country that has seen some especially dramatic swings: Germany. In 2008, at the end of the George W. Bush administration, just 14% of Germans said they had confidence in the U.S. president to do the right thing regarding world affairs. After Barack Obama took office the following year, the share of Germans with confidence in the U.S. president soared to 93%, and at least seven-in-ten Germans continued to express confidence in Obama throughout his eight-year tenure. But after Trump became president in 2017, the share of Germans with confidence in the U.S. president tumbled to just 11%, and it has not changed much since. The pattern has been similar in other large European countries, including the UK, Spain and France.",good
mturk_charts/no_data_remaining/multi_col/158.png,"Greece, for example, has been in the news a great deal over the past decade, from its debt crisis following the Great Recession to its role as a key entry point for refugees entering Europe. So how do Greeks feel about the way things are going in their country? As of 2019, just 16% say they are satisfied with the direction of their nation, while 82% say they are dissatisfied. (This is actually an improvement from 2016, when only 5% of Greeks expressed satisfaction with the way things were going in their country and 95% said they were dissatisfied.) Greeks’ attitudes toward the direction of the country track closely with their feelings about the economy: As of 2019, only 15% of Greeks say their nation’s economic situation is good, while 85% say it is bad. (This is again an improvement from 2016.)",good
mturk_charts/no_data_remaining/multi_col/159.png,"A majority of U.S. adults (58%) say the Constitution should be amended so the presidential candidate who receives the most votes nationwide wins, while 40% prefer to keep the current system in which the candidate who receives the most Electoral College votes wins the election. Support for amending the Constitution has increased slightly since the period immediately following the 2016 election. In a November 2016 CNN/ORC survey, roughly half of adults (51%) favored amending the Constitution to eliminate the Electoral College. And in a March 2018 Pew Research Center survey, 55% favored taking this step. The current level of support for eliminating the Electoral College is nearly the same as in 2011, when 62% favored amending the Constitution. However, partisans’ attitudes on this question have grown further apart since the 2016 election, with Republicans becoming more supportive of the current system.",good
mturk_charts/no_data_remaining/multi_col/160.png,"For working people, though, that’s a lot easier to do if you have access to paid sick leave – which 24% of U.S. civilian workers, or roughly 33.6 million people, do not, according to the federal Bureau of Labor Statistics. (“Civilian workers” refers to private industry workers and state and local government workers combined.) The bureau’s 2019 National Compensation Survey (NCS) found that, for civilian workers, paid sick leave, while nearly universal at the upper ends of the wage distribution, becomes scarcer the less money one makes. For instance, 92% of workers in the top quarter of earnings (meaning hourly wages greater than $32.21) have access to some form of paid sick leave, versus only 51% of workers earning wages in the lowest quarter ($13.80 or less). Among the lowest-earning tenth – those whose wages are $10.80 an hour or less – just 31% have paid sick leave.",good
mturk_charts/no_data_remaining/multi_col/162.png,"In the U.S., Republicans and Republican-leaning independents are more likely than Democrats and Democratic-leaning independents to favor increased defense spending in Europe. However, the share among Republicans who think the U.S.’s European allies should increase their defense budgets has fallen by 14 percentage points between 2017 and 2019. There has also been a more modest decline in this view among Democrats.",good
mturk_charts/no_data_remaining/multi_col/163.png,"A growing share of Americans say addressing climate change should be a top priority for the president and Congress, but most of the change has come among Democrats. Over the past four years, the share of Americans who say dealing with global climate change should be a top priority has increased from 38% to 52%. Among Democrats and independents who lean to the Democratic Party, 78% say climate change should be a top priority, up 22 percentage points since 2016. But among Republicans and Republican-leaning independents, there has been no statistically significant increase. Democrats are more than three times as likely as Republicans to say dealing with climate change should be a top priority (78% vs. 21%). The share of Americans who say global climate change is a major threat to the well-being of the United States has also increased in recent years. But on this question too, the rise in concern has come primarily among Democrats, regardless of ideology. Among both moderate and conservative Republicans there has been no statistically significant change since 2013.",good
mturk_charts/no_data_remaining/multi_col/161.png,"In the weeks before Joe Biden’s strong performance in South Carolina and on Super Tuesday, Americans considered him the Democratic presidential candidate with the worst recent news coverage. Around a quarter of U.S. adults (27%) said Biden had received the worst news coverage in the weeks leading up to the survey. Smaller shares said this about Michael Bloomberg (20%), Bernie Sanders (13%), Tulsi Gabbard (11%) and the other candidates. Republicans were slightly more likely than Democrats to say Biden had received the worst news coverage (31% vs. 25%). As for which Democratic candidate had received the best news coverage, the largest share of Americans pointed to Sanders (39%). Considerably smaller shares said this about Bloomberg (24%), Pete Buttigieg (13%), Biden (8%) and other candidates. On this question, around four-in-ten Democrats as well as Republicans said Sanders had received the best coverage (41% and 37%, respectively).",good
mturk_charts/no_data_remaining/multi_col/164.png,"Since 2000, black Democrats’ self-reported ideology has remained relatively stable – and moderate. Although there has been a steady growth in the overall share of Democratic and Democratic-leaning registered voters who describe their views as liberal over the last two decades, a plurality of black Democratic voters have consistently identified themselves as moderate. In 2019, about four-in-ten black Democratic voters called themselves moderate, while smaller shares described their views as liberal (29%) or conservative (25%). By contrast, 37% of Hispanic and 55% of white Democratic voters identified as liberal.",good
mturk_charts/no_data_remaining/multi_col/166.png,"In a sharp contrast from four years ago, a large majority of Republicans say their side has been winning more often than it has been losing politically, while Democrats overwhelmingly say their side has been on the losing end more frequently. Today, 69% of Republicans and Republican-leaning independents say that on the issues that matter to them, their side has been winning more often than losing, according to a new Pew Research Center survey conducted Feb. 4-15 among 6,395 adults. Among Democrats and Democratic leaners, just 18% think their side has been winning, while 80% say their side has been losing more often. Among all adults, 56% say that on the issues that matter to them, their side has been losing more often than winning, while 41% say their side has been winning more often than losing. The share saying their side is losing more often than winning has declined 11 percentage points since 2018, largely because of the change among Republicans.",good
mturk_charts/no_data_remaining/multi_col/165.png,"As immigrant eligible voters have grown in number since 2000, their voter turnout rates in presidential general elections have lagged those of U.S.-born voters. In 2016, 62% of U.S.-born eligible voters cast a vote, compared with 54% of foreign-born voters.",good
mturk_charts/no_data_remaining/multi_col/167.png,"As U.S. President Donald Trump prepares for a state visit to India, the two nations’ economic relationship will take center stage after several months of back-and-forth about escalating tariffs. And while Trump himself receives positive marks from the Indian populace, some of his specific policies and trade attitudes in general do not garner the same warm reception. A majority of Indians have confidence in Donald Trump to do the right thing when it comes to world affairs. Trump’s image in India has gained favor since his candidacy in 2016, jumping from 14% confidence to 56% over three years. Much of this movement is accompanied by more people now offering an opinion about the U.S. president. The share volunteering a response of “don’t know” or declining to answer has fallen precipitously over the same period, from 67% in 2016 to just 30% in 2019. Meanwhile, the small share of those saying they lack confidence in Trump when it comes to foreign policy has remained stable. These latest numbers resemble those of Trump’s predecessor: Before Barack Obama left office, 58% of Indians had confidence in him in world affairs, while 9% had no confidence and 33% did not offer an opinion.",unquestionable
mturk_charts/no_data_remaining/multi_col/168.png,"Reflecting a strong U.S. economy, Americans’ policy priorities have changed in recent years. The public now places less priority on economic and job concerns than it did just a few years ago. At the same time, environmental protection and global climate change are rising on the public’s agenda for the president and Congress. For the first time in Pew Research Center surveys dating back nearly two decades, nearly as many Americans say protecting the environment should be a top policy priority (64%) as say this about strengthening the economy (67%). In addition, while a smaller share (52%) rates dealing with global climate change as a top priority, this is 14 percentage points higher than just three years ago. Today, similar shares rate climate change and improving the job situation (49%) as top policy priorities for President Donald Trump and Congress. Three years ago, 68% said jobs were a top priority, compared with just 38% who named climate change.",good
mturk_charts/no_data_remaining/multi_col/169.png,"In 2011, 88% of Republicans and 87% of Democrats said strengthening the economy was a top priority for the president and Congress. Since then, there has been a gradual decline in the shares of both groups who place top priority on the economy, though the decline has been somewhat steeper among Democrats. In the current survey, the share of Democrats who say strengthening the economy is a top priority is down to 61%, while the share of Republicans who say this has fallen to 74%. The priority placed on improving the job situation also has fallen sharply among partisans in the last decade. Overall, 51% of Democrats and 45% of Republicans say strengthening the job situation is a top priority for the president and Congress. In 2011, large majorities of both groups (87% and 86%, respectively) saw this as a top priority.",good
mturk_charts/no_data_remaining/multi_col/170.png,"The nation’s debt and annual budget deficit have continued to increase in recent years, with the overall debt load exceeding the nation’s gross domestic product. Yet in both parties, reducing the budget deficit has declined as a priority since 2013. Currently, 62% of Republicans and 45% of Democrats say reducing the budget deficit should be a top priority for the president and Congress.",good
mturk_charts/no_data_remaining/multi_col/171.png,"Democratic registered voters in the United States have a positive view of the field of candidates vying for their party’s presidential nomination, and they generally agree with each other on issues ranging from gun laws to climate change, according to a January Pew Research Center survey.",unquestionable
mturk_charts/no_data_remaining/multi_col/172.png,"About half of Sanders supporters (54%) prioritize pushing hard for policies that Democrats want over finding common ground with Republicans. Among all Democratic voters, just 35% favor this approach.",good
mturk_charts/no_data_remaining/multi_col/173.png,"Most Bloomberg supporters (69%) say the fact that some people in the U.S. have personal fortunes of a billion dollars or more is neither a good nor a bad thing for the country; just 16% call it a bad thing. Sanders and Warren supporters are far more likely to say billionaires are a bad thing for the country (55% and 49%, respectively, say this).",good
mturk_charts/no_data_remaining/multi_col/174.png,"Americans’ views of NATO differ by political party affiliation. Democrats and Democratic-leaning independents have been more likely to have a favorable opinion of NATO than Republicans and Republican-leaning independents across most years. That remained true in 2019, as 61% of Democrats had a positive view of the alliance, compared with 45% of Republicans. Both Democratic and Republican views of NATO remained generally stable until 2017, when Democrats grew much more likely to support NATO than their counterparts, a difference that has not changed significantly since. In 2017, 74% of Democrats and 48% of Republicans had a favorable opinion of the alliance, a difference of 26 percentage points. Since 2018, U.S. views of NATO have declined among supporters of both parties. Positive views among Democrats fell 15 points, while views among Republicans dropped 7 points.",good
mturk_charts/no_data_remaining/multi_col/175.png,"Over the past 50 years, the highest-earning 20% of U.S. households have steadily brought in a larger share of the country’s total income. In 2018, households in the top fifth of earners (with incomes of $130,001 or more that year) brought in 52% of all U.S. income, more than the lower four-fifths combined, according to Census Bureau data. In 1968, by comparison, the top-earning 20% of households brought in 43% of the nation’s income, while those in the lower four income quintiles accounted for 56%.",good
mturk_charts/no_data_remaining/multi_col/176.png,"The black-white income gap in the U.S. has persisted over time. The difference in median household incomes between white and black Americans has grown from about $23,800 in 1970 to roughly $33,000 in 2018 (as measured in 2018 dollars). Median black household income was 61% of median white household income in 2018, up modestly from 56% in 1970 – but down slightly from 63% in 2007, before the Great Recession, according to Current Population Survey data.",good
mturk_charts/no_data_remaining/multi_col/177.png,"Americans’ views of Russia are now at their lowest point in more than a decade. The 18% of Americans who today have a positive view of Russia is far lower than the 44% who expressed a favorable opinion when the question was first asked in 2007. Russians’ views of the United States, meanwhile, briefly spiked following the election of Donald Trump, but positive sentiments have since declined. Only about three-in-ten Russians (29%) have a favorable opinion of the U.S. today.",good
mturk_charts/no_data_remaining/multi_col/178.png,"By contrast, Ukrainians are distrustful of Putin: About eight-in-ten lack confidence in the Russian leader when it comes to world affairs. Ukrainians have become much more negative toward Putin and Russia, especially since the annexation of Crimea in 2013. Most Ukrainians expressed confidence in Putin and had a favorable view of Russia in 2007. But, as of 2019, only 11% of Ukrainians have confidence in Putin, while 32% have a favorable opinion of Russia. (The difference in Ukraine may be, in part, as result of changes in sampling after the Russian invasion of eastern Ukraine. For example, Crimea was surveyed in 2014, but was omitted from sampling in 2019 due to security concerns.)",unquestionable
mturk_charts/no_data_remaining/multi_col/179.png,"Partisan divisions have emerged in the U.S. when it comes to Putin. Americans consistently have expressed little confidence in Putin to do the right thing on world affairs, but Republicans and Democrats differ somewhat in these views. Republicans and Republican-leaning independents are now 21 points more likely than Democrats and Democratic-leaning independents to express confidence in Putin (31% vs. 10%), the widest partisan gap on this question in Pew Research Center polling.",good
mturk_charts/no_data_remaining/multi_col/180.png,"Black History Month, which is celebrated every year in February, honors the achievements of black Americans throughout history. It’s also a time to reflect on larger themes of identity and community. Findings from Pew Research Center surveys conducted in recent years show that most black adults feel that they are part of a broader black community in the United States and see their race as important to how they think of themselves. In addition, in a Pew Research Center survey conducted in 2016, most black adults (81%) said they felt at least somewhat connected to a broader black community in the U.S., including 36% who said they felt very connected to a black community. By contrast, 18% said they didn’t feel too connected or didn’t feel connected at all. This finding holds true across genders and age groups. Black adults who said they feel strongly connected to a broader black community are more likely than those who don’t to have engaged with organizations dedicated to improving the lives of black Americans by donating money, attending events or volunteering their time. About six-in-ten black adults who said they feel very connected to a broader black community (58%) said they have done at least one of these activities in the 12 months prior to the survey, compared with 45% among those who felt somewhat connected and 35% among those who said they feel not too or not at all connected to a broader black community.",unquestionable
mturk_charts/no_data_remaining/multi_col/181.png,"In 15 surveyed countries, people on the ideological right also are more likely to see Trump’s policies favorably, as measured by the approval index. This is especially the case in Israel, Australia, Greece, the UK, Canada and Hungary. Those on the ideological right also are considerably more likely to express net approval of Trump’s policies in Italy, Sweden, France, the Netherlands, South Korea and Bulgaria. In countries where people have less confidence in Trump to do what is right in world affairs, fewer people generally approve of policies. In Mexico, Germany, Turkey and Tunisia, for example, confidence in Trump is very low, as is the share of people who express net approval of his chief foreign policies. Despite this relationship, the two countries where people are most likely to voice confidence in Trump – Israel and the Philippines – have very different views of his policies. While a majority of Israelis approve of more policies than they disapprove of, only 21% of Filipinos are net approvers.",good
mturk_charts/no_data_remaining/multi_col/182.png,"Women are in the majority in jobs that draw most heavily on either social or fundamental skills. In 2018, women made up 52% of employment in jobs in which either social or fundamental skills are most important – such as legal, teaching and counseling occupations (up from roughly 40% in 1980). Women also greatly raised their share of employment in occupations in which analytical skills are of greatest importance – such as accounting and dentistry – from 27% in 1980 to 42% in 2018. The increase in the share of women in these high-skill occupations was much greater than the increase in their share of employment overall, from 43% in 1980 to 47% in 2018.",good
mturk_charts/no_data_remaining/multi_col/183.png,"Compared with perceptions of current King Salman in 2017, the crown prince is seen as less trustworthy in his approach to foreign affairs. In 2017, Pew Research Center asked adults in four Middle Eastern and North African countries if they had confidence in King Salman, and in all four, evaluations of the king were significantly more positive than the opinions of his son, the prince, given in 2019. Among Turks and Israelis, Crown Prince Mohammed is about as trusted as his uncle, the late King Abdullah, was in 2011, while in Lebanon, King Abdullah was considerably more popular than both his nephew and half-brother, King Salman. Between 2017 and 2019, events occurred that may have dampened support for Saudi leaders. Not least was the assassination of Khashoggi in Istanbul, which added to already fraught relations between Turkey and Saudi Arabia. The killing also drew broad international backlash, including protests against the crown prince’s state visit to Tunisia in 2018, where confidence in Saudi leadership fell by 14 percentage points. The decline in Lebanon may be tied to the alleged kidnapping of now former Lebanese prime minister, Saad Hariri, in Saudi Arabia during a state visit in late 2017.",unquestionable
mturk_charts/no_data_remaining/multi_col/184.png,"Over the 14 election cycles between 1992 and 2018, an average of 41.2 House members each cycle chose not to run for reelection. During those cycles, the numbers ranged from a low of 30 (in both 2000 and 2006) to a high of 65 in 1992. The 1992 election cycle holds the record for voluntary House departures going back to 1930, based on our analysis and a tally compiled by Vital Statistics on Congress. According to our analysis, the 2018 election cycle saw the second-highest number of voluntary departures from the House (that is, members retiring, resigning or pursuing some other office) since the early 1990s, with 58 representatives (39 Republicans and 19 Democrats) not running for reelection. Of those 58, 31 retired outright, 21 left to run for some other office, and six resigned without being replaced in a special election. (This time around, four other House seats besides Hunter’s are currently vacant due to resignation or death, but they are scheduled to be filled by special elections. Since the winners of those four special elections presumably will seek full terms this November as incumbents, we didn’t include them in our count.)",unquestionable
mturk_charts/no_data_remaining/multi_col/185.png,"According to our analysis, the 2018 election cycle saw the second-highest number of voluntary departures from the House (that is, members retiring, resigning or pursuing some other office) since the early 1990s, with 58 representatives (39 Republicans and 19 Democrats) not running for reelection. Of those 58, 31 retired outright, 21 left to run for some other office, and six resigned without being replaced in a special election. (This time around, four other House seats besides Hunter’s are currently vacant due to resignation or death, but they are scheduled to be filled by special elections. Since the winners of those four special elections presumably will seek full terms this November as incumbents, we didn’t include them in our count.)",unquestionable
mturk_charts/no_data_remaining/multi_col/186.png,"Responding to an open-ended question asking which country or group poses the greatest threat to their country in the future, just 6% of Americans named Iran in spring 2019, prior to the missile strike that killed Soleimani. This figure represents the smallest share naming Iran as America’s greatest threat since the question was first asked in 2007. That year, nearly a quarter of Americans chose Iran as the greatest threat to the country. As of 2019, Americans were much more concerned about the threats posed by China (24%), Russia (24%) and North Korea (12%).",unquestionable
mturk_charts/no_data_remaining/multi_col/187.png,"Trump’s overall job ratings have not changed in the wake of the impeachment process, just as they have remained relatively stable over the course of his presidency. In the current survey, 40% approve of the way Trump is handling his job as president, while 58% say they disapprove. Views are about the same as they were in September 2019 (40% approve, 59% disapprove), prior to the House of Representatives launching a formal impeachment inquiry and voting to impeach the president.",good
mturk_charts/no_data_remaining/multi_col/188.png,"There are familiar partisan and demographic differences in assessments of Trump’s overall job performance. Men, whites, older adults and those with lower levels of education continue to have more positive assessments of the president’s job performance than women, black and Hispanic adults, younger adults and those with higher levels of education. About nine-in-ten Democrats and Democratic leaners (92%) disapprove of the way the president is handling his job, including 79% who say they disapprove very strongly. By contrast, 80% of Republicans and Republican leaners say they approve of Trump’s job performance (64% approve very strongly).",complex
mturk_charts/no_data_remaining/multi_col/189.png,"People who live in places with abortion clinics nearby are much more likely to say it is easy for someone in their area to obtain an abortion than those who live further away. Three-quarters of those within 5 miles of an abortion clinic say it is at least somewhat easy for someone to obtain an abortion in their area, while 47% of those who live 50 miles away from the nearest clinic say this. This pattern is similar among both Democrats and Republicans.",good
mturk_charts/no_data_remaining/multi_col/190.png,"By contrast, more black Democratic voters continue to characterize their views as moderate rather than liberal. In 2019, 43% of black Democrats called themselves moderate, 29% called themselves liberal and 25% called themselves conservative.",good
mturk_charts/no_data_remaining/multi_col/191.png,"As the first 2020 primaries and caucuses near, the vast majority of Latino registered voters who are Democrats or lean toward the party see the 2020 presidential election results as of particular importance, and over half have a good or excellent impression of their own party’s candidates, according to a national Pew Research Center survey of Latino adults conducted in December. When asked about candidates seeking the Democratic presidential nomination, a majority of Latino Democratic and Democratic-leaning voters say they have a good (54%) or excellent (11%) impression of them. A third say they have an only fair (28%) or poor (5%) impression of the candidates. These views are on par with those among all Democratic and Democratic leaning registered voters in September 2019 on the American Trends Panel.",good
mturk_charts/no_data_remaining/multi_col/192.png,"It remains to be seen how many Latino Democratic voters will participate in a Democratic primary or caucus. When asked to identify the date of their state’s primary or caucus, 86% say they are either unsure of the month (77%) or incorrectly identified the month (9%).",good
mturk_charts/no_data_remaining/multi_col/193.png,"Views of the U.S. remain relatively positive, despite declining somewhat since the end of the Obama era. Across 24 countries that have been surveyed consistently since 2015 and 2016, a median of 53% of adults have a favorable view of the U.S., slightly below the 64% who had a positive view at the end of the Obama administration. People in these countries are now more likely to have a favorable view of the U.S. than to have confidence in the president – a reversal of the pattern at the end of the Obama administration. Still, the share of people who have confidence in Trump has edged higher in recent years.",good
mturk_charts/no_data_remaining/multi_col/194.png,"Confidence in Trump is relatively low across the world, but there are pockets of support. Most Europeans and Latin Americans have little confidence in the U.S. president to do the right thing regarding world affairs. This includes only 13% of adults in Germany and 8% in Mexico. In key EU countries, people express little confidence in Trump. Views of U.S. presidents have changed dramatically since Pew Research Center began asking about this nearly 20 years ago. In Germany, the UK, France and Spain, attitudes toward the U.S. president moved downward during the George W. Bush era, surged in the Obama era and fell again with the election of Trump. And despite a small rebound in support for the U.S. president in the past year, especially in Spain and France, Trump is still much less popular in these EU nations than Obama was during any part of his tenure.",good
mturk_charts/no_data_remaining/multi_col/195.png,"Views of the U.S. president are closely linked with attitudes toward the U.S. itself. Generally speaking, those with more trust in the U.S. president to do what is right in foreign affairs tend to view the U.S. more positively. For example, the two countries with the most confidence in Trump – Israel and the Philippines – are also among the most favorable toward the country he leads. Conversely, in Turkey and Mexico, low confidence in the U.S. president aligns with less positive views of the U.S. However, in almost every country surveyed, views toward the U.S. surpass confidence in the U.S. president, sometimes by wide margins.",good
mturk_charts/no_data_remaining/multi_col/196.png,"In terms of specific platforms, YouTube and Facebook are the most widely used online platforms among U.S. adults, with roughly seven-in-ten Americans saying they use each site. The shares of adults who use Instagram and Snapchat are much smaller, but these platforms are especially popular with younger Americans.",good
mturk_charts/no_data_remaining/multi_col/197.png,"Americans’ views about tech companies have turned far less positive in recent years. Controversies related to digital privacy, made-up news, harassment and other issues may have taken their toll on public attitudes about tech companies. The share of Americans who say these companies are having a positive effect on the way things are going in the country has declined sharply since 2015, according to a July 2019 survey. Four years ago, the majority of U.S. adults (71%) said these companies had a positive impact on the country, compared with 50% today.",good
mturk_charts/no_data_remaining/multi_col/198.png,"From smartphones to social media, tech use has become the norm. As of 2019, nine-in-ten U.S. adults say they go online, 81% say they own a smartphone and 72% say they use social media. Growth in adoption of some technologies has slowed in recent years, in some instances because there just aren’t many non-users left, especially among younger generations. For example, 93% of Millennials (ages 23 to 38 in 2019) own smartphones, and nearly 100% say they use the internet.",unquestionable
mturk_charts/no_data_remaining/multi_col/199.png,"Millennials have surpassed Generation Xers as the largest generation in the U.S. labor force. There were 57 million Millennials (born 1981 to 1996) working or looking for work in 2018. That was more than the 53 million Gen Xers (born 1965 to 1980) and well ahead of the 38 million Baby Boomers (born 1946 to 1964).",good
mturk_charts/no_data_remaining/multi_col/200.png,"Nonwhites now account for the majority of the nation’s newborns, as well as the majority of K-12 students in public schools. More than half of newborn babies in the U.S. are racial or ethnic minorities, a threshold first crossed in 2013. Nonwhite students also account for the majority of the nation’s K-12 public school students. As of fall 2018, children from racial and ethnic minority groups were projected to make up 52.9% of public K-12 students.",complex