img_path,"summary",question_resolution,"question",answer_resolution,"abstractive_answer","extractive_answer","decontextualizated_text_added","decontextualizated_text_removed","extra_added_text"
mturk_charts/no_data/multi_col/5187.png,"About two - thirds ( 64 % ) say they consider the investigation into alleged Russian involvement in the 2016 election to be either very ( 42 % ) or somewhat ( 22 % ) important for the country . A smaller share ( 34 % ) says the investigation is not too ( 12 % ) or not at all ( 22 % ) important . The partisan gap in views of the investigation ’s significance is quite large . Nearly nine - in - ten Democrats and Democratic leaners ( 88 % ) think the investigation is important ( 64 % call it very important ) . Just 36 % of Republicans and Republican leaners call the Russia investigation very ( 18 % ) or somewhat ( 18 % ) important for the country .",same,"How does the Democrats and Republicans consider the investigation about Russian involvement in the 2016 election important?",answer1,"Nearly nine - in - ten Democrats and Democratic leaners ( 88 % ) think the investigation is important ( 64 % call it very important ) . Just 36 % of Republicans and Republican leaners call the Russia investigation very ( 18 % ) or somewhat ( 18 % ) important for the country .","Nearly nine - in - ten Democrats and Democratic leaners ( 88 % ) think the investigation is important ( 64 % call it very important ) . Just 36 % of Republicans and Republican leaners call the Russia investigation very ( 18 % ) or somewhat ( 18 % ) important for the country .","","",""
mturk_charts/no_data/multi_col/5189.png,"About six - in - ten Democratic and Democratic - leaning registered voters ( 61 % ) say they think of their vote as a vote against Trump ; in June 2006 , a comparable share of Democrats ( 65 % ) considered their midterm vote to be a vote against George W. Bush . In both 2010 and 2014 , smaller shares of Republican voters thought of their vote as a vote against Obama ( 54 % in 2010 , 51 % in 2014 ) .",same,"What percentage of Democratic and Replthink their vote as a vote against Trump?",new_answer,"About six - in - ten Democratic and Democratic - leaning registered voters ( 61 % ) say they think of their vote as a vote against Trump ; in June 2006 , a comparable share of Democrats ( 65 % ) considered their midterm vote to be a vote against George W. Bush . In both 2010 and 2014 , smaller shares of Republican voters thought of their vote as a vote against Obama ( 54 % in 2010 , 51 % in 2014 ) .","About six - in - ten Democratic and Democratic - leaning registered voters ( 61 % ) say they think of their vote as a vote against Trump ; in June 2006 , a comparable share of Democrats ( 65 % ) considered their midterm vote to be a vote against George W. Bush . In both 2010 and 2014 , smaller shares of Republican voters thought of their vote as a vote against Obama ( 54 % in 2010 , 51 % in 2014 ) .","","",""
mturk_charts/no_data/multi_col/5191.png,"Democrats lead on several issues ; GOP leads on economy . With the public ’s views of the economy becoming more positive , the Republican Party holds a 45%-36 % lead on dealing with the economy . Last October , the two parties were rated about even for handling the economy ( 38 % Republican Party , 41 % Democratic Party ) . The GOP once again has a significant lead on handling terrorism ( 43 % to 32 % ) ; neither party had an advantage on terrorism in October .",same,"Compare the performance of each party that had an advantage on handling terrorism in October?",answer1,"The GOP once again has a significant lead on handling terrorism ( 43 % to 32 % ) .","The GOP once again has a significant lead on handling terrorism ( 43 % to 32 % ) .","","; neither party had an advantage in October",""
mturk_charts/no_data/multi_col/5192.png,"A 54 % majority of women voters say they support or lean toward the Democratic candidate in their district , while 38 % favor the Republican . Among men voters , by contrast , 49 % favor the Republican , while 43 % support the Democrat . The gender divide is much wider among younger voters – those under 35 – than among voters 35 and older .",same,"Describe the support to political parties between genders.",answer1,"A 54 % majority of women voters say they support or lean toward the Democratic candidate in their district , while 38 % favor the Republican . Among men voters , by contrast , 49 % favor the Republican , while 43 % support the Democrat . The gender divide is much wider among younger voters – those under 35 – than among voters 35 and older .","A 54 % majority of women voters say they support or lean toward the Democratic candidate in their district , while 38 % favor the Republican . Among men voters , by contrast , 49 % favor the Republican , while 43 % support the Democrat . The gender divide is much wider among younger voters – those under 35 – than among voters 35 and older .","The gender divide is much wider among younger – those under 35 – than among 35 and older","",""
mturk_charts/no_data/multi_col/5194.png,"Differences in race and ethnicity account for some of these disparities , since urban areas have a larger share of black residents , who are typically less likely to be married than other racial groups . Even so , the marriage gap across community types remains when looking only at whites : 49 % of urban whites are married , compared with 53 % of suburban whites and 54 % of rural whites . And among blacks , those living in suburban areas are somewhat more likely to be married ( 32 % ) than those living in rural ( 27 % ) or urban ( 26 % ) areas .",same,"Compare the marreiage rates of people living in urban and rural areas.",answer2,"49 % of urban whites are married , compared with 53 % of suburban whites and 54 % of rural whites . And among blacks , those living in suburban areas are somewhat more likely to be married ( 32 % ) than those living in rural ( 27 % ) or urban ( 26 % ) areas .","49 % of urban whites are married , compared with 53 % of suburban whites and 54 % of rural whites . And among blacks , those living in suburban areas are somewhat more likely to be married ( 32 % ) than those living in rural ( 27 % ) or urban ( 26 % ) areas .","","",""
mturk_charts/no_data/multi_col/5195.png,"When it comes to children ’s living arrangements , there are modest differences across community type , which are linked to the variation in both marriage and births outside of marriage . For example , in the suburbs , where marriage is relatively common and nonmarital births are relatively low , 71 % of children live with two married parents . This is slightly higher than the 66 % of children in urban areas living with two married parents , and similar to the 68 % of rural children who live with two married parents .",same,"Describe the share of children living with married parents.",answer2,"71 % of children live with two married parents . This is slightly higher than the 66 % of children in urban areas living with two married parents , and similar to the 68 % of rural children who live with two married parents .","71 % of children live with two married parents . This is slightly higher than the 66 % of children in urban areas living with two married parents , and similar to the 68 % of rural children who live with two married parents .","","",""
mturk_charts/no_data/multi_col/5211.png,"Republican men ( 40 % ) are more likely to oppose granting legal status than are Republican women ( 32 % ) . And while younger Republicans ( those ages 18 to 49 ) broadly support granting legal status to those brought to the U.S. illegally as children ( 59 % favor , 34 % oppose ) , older Republicans are more divided ( 49 % favor , 38 % oppose ) .",same,"Describe Republicans opinion about granting legal status to illegal children.",answer2,"Republican men ( 40 % ) are more likely to oppose granting legal status than are Republican women ( 32 % ) . And while younger Republicans ( those ages 18 to 49 ) broadly support granting legal status to those brought to the U.S. illegally as children ( 59 % favor , 34 % oppose ) , older Republicans are more divided ( 49 % favor , 38 % oppose ) .","Republican men ( 40 % ) are more likely to oppose granting legal status than are Republican women ( 32 % ) . And while younger Republicans ( those ages 18 to 49 ) broadly support granting legal status to those brought to the U.S. illegally as children ( 59 % favor , 34 % oppose ) , older Republicans are more divided ( 49 % favor , 38 % oppose ) .","","",""
mturk_charts/no_data/multi_col/5197.png,"Relatively few adults in every country surveyed score above 5 on the scale . But there is considerable variation across countries . In Sweden , just 8 % of those surveyed scored higher than 5 , the lowest amount in any country , while in Italy , 38 % did , the highest share in any country . In most countries , the share scoring 5.01 or higher was between 15 % and 25 % . For example , in both Norway and France , 19 % of respondents scored 5.01 or higher .",same,"Describe the rates of nationalis, anti-immigrant and anti-religious attitudes rates in different European countries .",answer2,"In Sweden , just 8 % of those surveyed scored higher than 5 , the lowest amount in any country , while in Italy , 38 % did , the highest share in any country . In most countries , the share scoring 5.01 or higher was between 15 % and 25 % . For example , in both Norway and France , 19 % of respondents scored 5.01 or higher .","In Sweden , just 8 % of those surveyed scored higher than 5 , the lowest amount in any country , while in Italy , 38 % did , the highest share in any country . In most countries , the share scoring 5.01 or higher was between 15 % and 25 % . For example , in both Norway and France , 19 % of respondents scored 5.01 or higher .","","",""
mturk_charts/no_data/multi_col/5216.png,"There remain wide differences in these views by party and ideology . Seven - in - ten Democrats and Democratic - leaning independents say growing diversity in the U.S. makes it a better place to live , including 78 % of Democrats who describe themselves as liberal . A smaller majority of conservative and moderate Democrats ( 66 % ) say the same . By comparison , about half of Republicans and Republican leaners ( 47 % ) see a positive impact of growing diversity in the U.S. ; 37 % say it does n’t make much difference , and another 14 % say it makes the country a worse place to live . While positive views among Republicans vary little by ideology , negative views are somewhat more widespread among conservative Republicans than moderate and liberal Republicans . About one - in - six conservative Republicans ( 17 % ) say growing racial and ethnic diversity makes the country worse , while just 7 % of moderate and liberal Republicans agree .",same,"What conservative Republicans think about ethnic diversity?",answer2,"About one - in - six conservative Republicans ( 17 % ) say growing racial and ethnic diversity makes the country worse , while just 7 % of moderate and liberal Republicans agree .","About one - in - six conservative Republicans ( 17 % ) say growing racial and ethnic diversity makes the country worse , while just 7 % of moderate and liberal Republicans agree .","","",""
mturk_charts/no_data/multi_col/5212.png,"There also are race , age and educational differences in these views . Whites are divided ( 48 % favor , 48 % oppose ) , while large majorities of Hispanics ( 73 % ) and blacks ( 71 % ) oppose expanding the wall along the U.S.-Mexico border .",same,"Which the trend of each race think about expanding of the wall along the U.S.-Mexico boarder?",answer1,"Whites are divided ( 48 % favor , 48 % oppose ) , while large majorities of Hispanics ( 73 % ) and blacks ( 71 % ) oppose expanding the wall along the U.S.-Mexico border .","Whites are divided ( 48 % favor , 48 % oppose ) , while large majorities of Hispanics ( 73 % ) and blacks ( 71 % ) oppose expanding the wall along the U.S.-Mexico border .","Whites are divided 48 favor , 48 , while","",""
mturk_charts/no_data/multi_col/5228.png,"Support for the death penalty has long been divided by gender and race . In the new survey , about six - in - ten men ( 61 % ) say they are in favor of the death penalty and 34 % are opposed . Women ’s views are more divided : 46 % favor the death penalty , while 45 % oppose it .",same,"Describe the trend of each gender that favor the death penalty?",new_answer,"about six - in - ten men ( 61 % ) say they are in favor of the death penalty and 34 % are opposed . Women ’s views are more divided : 46 % favor the death penalty , while 45 % oppose it .","about six - in - ten men ( 61 % ) say they are in favor of the death penalty and 34 % are opposed . Women ’s views are more divided : 46 % favor the death penalty , while 45 % oppose it .","","",""
mturk_charts/no_data/multi_col/5230.png,"Despite the overall approval of direct talks between the two countries , the public was skeptical about whether North Korea ’s leadership is serious about addressing concerns about its nuclear program . Around half of U.S. adults ( 49 % ) said North Korean leaders are not serious about addressing these concerns , while 38 % thought North Korea ’s leaders are serious .",same,"What did Americans think about North Korea on addressing concerns about its nuclear program?",new_answer,"Around half of U.S. adults ( 49 % ) said North Korean leaders are not serious about addressing these concerns , while 38 % thought North Korea ’s leaders are serious .","Around half of U.S. adults ( 49 % ) said North Korean leaders are not serious about addressing these concerns , while 38 % thought North Korea ’s leaders are serious .","","",""
mturk_charts/no_data/multi_col/5217.png,"Across all age groups , about half or more say increasing diversity makes the country a better place to live . However , 15 % of those 65 and older say growing ethnic diversity makes the U.S. a worse place to live , the highest among age groups . About eight - in - ten adults with postgraduate degrees ( 81 % ) say growing diversity makes the country a better place to live . Smaller , though sizable , majorities of college graduates ( 70 % ) and those with some college experience ( 61 % ) say the same . Among those with a high school degree or less education , attitudes are divided : While 45 % say growing diversity makes the country a better place , 42 % say it does n’t make much difference and 11 % say it makes the country worse .",same,"What do people think about diversity?",answer1,"Across all age groups , about half or more say increasing diversity makes the country a better place to live . However , 15 % of those 65 and older say growing ethnic diversity makes the U.S. a worse place to live , the highest among age groups . About eight - in - ten adults with postgraduate degrees ( 81 % ) say growing diversity makes the country a better place to live . Smaller , though sizable , majorities of college graduates ( 70 % ) and those with some college experience ( 61 % ) say the same . Among those with a high school degree or less education , attitudes are divided : While 45 % say growing diversity makes the country a better place , 42 % say it does n’t make much difference and 11 % say it makes the country worse","Across all age groups , about half or more say increasing diversity makes the country a better place to live . However , 15 % of those 65 and older say growing ethnic diversity makes the U.S. a worse place to live , the highest among age groups . About eight - in - ten adults with postgraduate degrees ( 81 % ) say growing diversity makes the country a better place to live . Smaller , though sizable , majorities of college graduates ( 70 % ) and those with some college experience ( 61 % ) say the same . Among those with a high school degree or less education , attitudes are divided : While 45 % say growing diversity makes the country a better place , 42 % say it does n’t make much difference and 11 % say it makes the country worse","","",""
mturk_charts/no_data/multi_col/5232.png,"On dealing with North Korea , Americans preferred sanctions , while opinion in Asia - Pacific differed by country . A majority of Americans ( 61 % ) said increasing economic sanctions is better than deepening ties with North Korea , the spring 2017 global survey found . Republicans ( 70 % ) and older Americans ( 69 % ) were more likely to prefer sanctions than Democrats ( 61 % ) and younger people ( 49 % ) . Attitudes diverged among Asia - Pacific countries on how best to deal with North Korea ’s nuclear program . Half or more in Japan , South Korea and Australia backed stronger sanctions , while people in Vietnam and the Philippines leaned toward deepening ties with North Korea . ( However , many of those surveyed in Indonesia and Vietnam did not offer an opinion . )",same,"What's the proportion of Americans who support economic sanctions?",answer1,"On dealing with North Korea , Americans preferred sanctions , while opinion in Asia - Pacific differed by country . A majority of Americans ( 61 % ) said increasing economic sanctions is better than deepening ties with North Korea , the spring 2017 global survey found . Republicans ( 70 % ) and older Americans ( 69 % ) were more likely to prefer sanctions than Democrats ( 61 % ) and younger people ( 49 % ) .","On dealing with North Korea , Americans preferred sanctions , while opinion in Asia - Pacific differed by country . A majority of Americans ( 61 % ) said increasing economic sanctions is better than deepening ties with North Korea , the spring 2017 global survey found . Republicans ( 70 % ) and older Americans ( 69 % ) were more likely to prefer sanctions than Democrats ( 61 % ) and younger people ( 49 % ) .","","",""
mturk_charts/no_data/multi_col/5234.png,"Publicly funded news media also tend to be more trusted than privately funded organizations – both in general and when it comes to specific news outlets . For example , about three - quarters ( 73 % ) of Swedes and 71 % of British adults say they trust the public media more than private . In Spain and Italy , publics are more divided on the issue .",same,"Can a profit-oriented company be more trustworthy than a non-profit one?",answer1,"Publicly funded news media also tend to be more trusted than privately funded organizations – both in general and when it comes to specific news outlets . For example , about three - quarters ( 73 % ) of Swedes and 71 % of British adults say they trust the public media more than private . In Spain and Italy , publics are more divided on the issue","Publicly funded news media also tend to be more trusted than privately funded organizations – both in general and when it comes to specific news outlets . For example , about three - quarters ( 73 % ) of Swedes and 71 % of British adults say they trust the public media more than private . In Spain and Italy , publics are more divided on the issue","","",""
mturk_charts/no_data/multi_col/5238.png,"It ’s summertime , which means Americans are embarking on vacation trips to destinations near and far . One getaway in the “ far ” category would be a trip to space , something a host of private companies are trying to make possible . But it ’s not an excursion that appeals to everyone – more U.S. adults say they would not want to orbit the Earth than say they would , according to a new Pew Research Center survey . About four - in - ten Americans ( 42 % ) say they would definitely or probably be interested in orbiting the Earth in a spacecraft in the future , while roughly six - in - ten ( 58 % ) say they would not be interested . Among the 42 % of Americans who said they would be interested in traveling into space , the most common reason given ( by 45 % of those asked ) was to “ experience something unique . ” Smaller shares of this group said they would want to be able to view the Earth from space ( 29 % ) or “ learn more about the world ” ( 20 % ) . Among the 58 % who said they would not want to orbit the Earth aboard a spacecraft , equal shares said the main reason was that such a trip would be either “ too expensive ” ( 28 % of those asked ) or “ too scary ” ( 28 % ) or that their age or health would n’t allow it ( 28 % ) .",same,"What proportion of Americans are interested in orbiting the earth?",same,"About four - in - ten Americans ( 42 % ) say they would definitely or probably be interested in orbiting the Earth in a spacecraft in the future , while roughly six - in - ten ( 58 % ) say they would not be interested","About four - in - ten Americans ( 42 % ) say they would definitely or probably be interested in orbiting the Earth in a spacecraft in the future , while roughly six - in - ten ( 58 % ) say they would not be interested","","",""
mturk_charts/no_data/multi_col/5239.png,"Americans were also asked about their expectations for space tourism in the next 50 years . The public is split over whether this will happen , with half saying that people will routinely travel in space as tourists by 2068 and half saying this will not happen . Americans are more skeptical about the possibility of colonies on other planets – an endeavor championed by space entrepreneurs Elon Musk and Jeff Bezos . About one - third of Americans ( 32 % ) say people will build colonies on other planets that can be lived in for long periods by 2068 .",same,"What are Americans opinions on space tourism?",same,"The public is split over whether this will happen , with half saying that people will routinely travel in space as tourists by 2068 and half saying this will not happen","The public is split over whether this will happen , with half saying that people will routinely travel in space as tourists by 2068 and half saying this will not happen","","",""
mturk_charts/no_data/multi_col/5242.png,"Slightly fewer than half of Americans ( 47 % ) believe that conducting basic scientific research to increase knowledge and understanding of space should be a top priority , with 40 % saying such research is an important but lower priority . Some 41 % say developing technologies that could be adapted for uses other than space exploration should be a top priority , and 44 % characterize it as an important but lower priority for NASA . And 38 % believe NASA should make it a top priority to conduct scientific research on how space travel affects human health , while 41 % see it as an important but lower priority .",same,"What percentage believes NASA should prioritize scientific research on how space travel affects human health?",answer1,"And 38 % believe NASA should make it a top priority to conduct scientific research on how space travel affects human health , while 41 % see it as an important but lower priority .","And 38 % believe NASA should make it a top priority to conduct scientific research on how space travel affects human health , while 41 % see it as an important but lower priority .","","",""
mturk_charts/no_data/multi_col/5243.png,"Some space experts argue that the life support systems required to sustain astronauts on a long interplanetary journey would be so expensive that it would be more cost - effective to send robotic probes.1 With regards to future expeditions into space , a majority of Americans say they would consider it essential that humans , not solely robots , make the trip . Overall , 58 % of U.S. adults believe it is essential to include the use of human astronauts in the U.S. space program , while 41 % say astronauts are not essential .",same,"What Americans think about being essential to send human austronauts to space?",same,"Overall , 58 % of U.S. adults believe it is essential to include the use of human astronauts in the U.S. space program , while 41 % say astronauts are not essential","Overall , 58 % of U.S. adults believe it is essential to include the use of human astronauts in the U.S. space program , while 41 % say astronauts are not essential","","",""
mturk_charts/no_data/multi_col/5246.png,"Americans expect a range of scientific and technological developments ahead . But the public is divided over the prospects for space tourism in the next 50 years . Half ( 50 % ) believe this will happen while half are skeptical this will be routine for ordinary people . About a third of Americans ( 32 % ) believe that colonies on other planets – habitable for long periods of time – will be built by the year 2068 , while two - thirds ( 67 % ) doubt this will happen .",same,"Describe the American thoughts about establishing colonies on other planets.",same,"About a third of Americans ( 32 % ) believe that colonies on other planets – habitable for long periods of time – will be built by the year 2068 , while two - thirds ( 67 % ) doubt this will happen","About a third of Americans ( 32 % ) believe that colonies on other planets – habitable for long periods of time – will be built by the year 2068 , while two - thirds ( 67 % ) doubt this will happen","","",""
mturk_charts/no_data/multi_col/5244.png,"Private companies such as SpaceX , Blue Origin and Virgin Galactic continue to develop space exploration capabilities that were once the sole purview of government agencies such as NASA . Some 44 % of Americans have a great deal of confidence these companies will make a profit in their space - related ventures , with 36 % saying they are fairly confident that space companies will be profitable .",same,"What Americans think about private companies making profit with space exploration?",same,"Some 44 % of Americans have a great deal of confidence these companies will make a profit in their space - related ventures , with 36 % saying they are fairly confident that space companies will be profitable","Some 44 % of Americans have a great deal of confidence these companies will make a profit in their space - related ventures , with 36 % saying they are fairly confident that space companies will be profitable","","",""
mturk_charts/no_data/multi_col/5250.png,"Partisanship has long been a major factor in public attitudes about labor unions . In the new survey , 68 % of Democrats and Democratic - leaning independents say the reduction in union membership has been mostly bad for working people ; half as many Republicans and Republican leaners ( 34 % ) say the same . By about two - to - one , blacks are more likely to say the decline in union representation has been mostly bad for working people than that it has been mostly good ( 65 % vs. 29 % ) . Smaller shares of whites ( 49 % ) or Hispanics ( 52 % ) say it has been mostly bad .",same,"What are partisans views of reduction in union membership?",answer1,"In the new survey , 68 % of Democrats and Democratic - leaning independents say the reduction in union membership has been mostly bad for working people ; half as many Republicans and Republican leaners ( 34 % ) say the same","In the new survey , 68 % of Democrats and Democratic - leaning independents say the reduction in union membership has been mostly bad for working people ; half as many Republicans and Republican leaners ( 34 % ) say the same","","",""
mturk_charts/no_data/multi_col/5254.png,"By nearly two - to - one ( 65 % to 33 % ) , Republicans with at least a four - year college degree hold unfavorable opinions of labor unions . By contrast , opinion is divided among Republicans who do not have a college degree ( 45 % unfavorable , 42 % favorable ) .",same,"What percentage of partisans hold favorable or unfavorable opinions of labor unions?",answer2,"By nearly two - to - one ( 65 % to 33 % ) , Republicans with at least a four - year college degree hold unfavorable opinions of labor unions . By contrast , opinion is divided among Republicans who do not have a college degree ( 45 % unfavorable , 42 % favorable ) .","By nearly two - to - one ( 65 % to 33 % ) , Republicans with at least a four - year college degree hold unfavorable opinions of labor unions . By contrast , opinion is divided among Republicans who do not have a college degree ( 45 % unfavorable , 42 % favorable ) .","","",""
mturk_charts/no_data/multi_col/5253.png,"Young adults continue to be more likely than older people to express a favorable opinion of labor unions . A 68 % majority of those ages 18 to 29 hold a positive view of unions , compared with only about half ( 51 % ) of those 50 and older . Adults younger than 30 also are somewhat less likely to view businesses favorably : Fewer than half ( 46 % ) hold a favorable opinion of business corporations , while 47 % hold an unfavorable view . By contrast , older Americans are more likely to be positive than negative in their views . Adults under 30 are the only age group in which a larger share has a favorable view of labor unions than of business corporations .",same,"What portion is likely to express a favorable opinion of labor unions as far as age is concerned?",answer2,"Young adults continue to be more likely than older people to express a favorable opinion of labor unions . A 68 % majority of those ages 18 to 29 hold a positive view of unions , compared with only about half ( 51 % ) of those 50 and older . Adults younger than 30 also are somewhat less likely to view businesses favorably : Fewer than half ( 46 % ) hold a favorable opinion of business corporations , while 47 % hold an unfavorable view . By contrast , older Americans are more likely to be positive than negative in their views . Adults under 30 are the only age group in which a larger share has a favorable view of labor unions than of business corporations .","Young adults continue to be more likely than older people to express a favorable opinion of labor unions . A 68 % majority of those ages 18 to 29 hold a positive view of unions , compared with only about half ( 51 % ) of those 50 and older . Adults younger than 30 also are somewhat less likely to view businesses favorably : Fewer than half ( 46 % ) hold a favorable opinion of business corporations , while 47 % hold an unfavorable view . By contrast , older Americans are more likely to be positive than negative in their views . Adults under 30 are the only age group in which a larger share has a favorable view of labor unions than of business corporations .","","",""
mturk_charts/no_data/multi_col/5261.png,"Americans broadly found it acceptable for the government to monitor certain people , but not U.S. citizens , according to the 2014 - 15 survey . About eight - in - ten adults ( 82 % ) said it was acceptable for the government to monitor communications of suspected terrorists , and equal majorities said it was acceptable to monitor communications of American leaders and foreign leaders ( 60 % each ) . Yet 57 % of Americans said it was unacceptable for the government to monitor the communications of U.S. citizens .",same,"Did American think it is acceptable to monitor others?",answer1,"Americans broadly found it acceptable for the government to monitor certain people , but not U.S. citizens , according to the 2014 - 15 survey . About eight - in - ten adults ( 82 % ) said it was acceptable for the government to monitor communications of suspected terrorists , and equal majorities said it was acceptable to monitor communications of American leaders and foreign leaders ( 60 % each ) . Yet 57 % of Americans said it was unacceptable for the government to monitor the communications of U.S. citizens .","Americans broadly found it acceptable for the government to monitor certain people , but not U.S. citizens , according to the 2014 - 15 survey . About eight - in - ten adults ( 82 % ) said it was acceptable for the government to monitor communications of suspected terrorists , and equal majorities said it was acceptable to monitor communications of American leaders and foreign leaders ( 60 % each ) . Yet 57 % of Americans said it was unacceptable for the government to monitor the communications of U.S. citizens .","Yet 57 unacceptable","",""
mturk_charts/no_data/multi_col/5267.png,"Until recently , Facebook had dominated the social media landscape among America ’s youth – but it is no longer the most popular online platform among teens , according to a new Pew Research Center survey . Today , roughly half ( 51 % ) of U.S. teens ages 13 to 17 say they use Facebook , notably lower than the shares who use YouTube , Instagram or Snapchat .",same,"What is the trend of social online platform used among teens?",answer1,"Until recently , Facebook had dominated the social media landscape among America ’s youth – but it is no longer the most popular online platform among teens , according to a new Pew Research Center survey . Today , roughly half ( 51 % ) of U.S. teens ages 13 to 17 say they use Facebook , notably lower than the shares who use YouTube , Instagram or Snapchat .","Until recently , Facebook had dominated the social media landscape among America ’s youth – but it is no longer the most popular online platform among teens , according to a new Pew Research Center survey . Today , roughly half ( 51 % ) of U.S. teens ages 13 to 17 say they use Facebook , notably lower than the shares who use YouTube , Instagram or Snapchat .","","",""
mturk_charts/no_data/multi_col/5268.png,"For the most part , teens tend to use similar platforms regardless of their demographic characteristics , but there are exceptions . Notably , lower - income teens are more likely to gravitate toward Facebook than those from higher - income households – a trend consistent with previous Center surveys . Seven - in - ten teens living in households earning less than $ 30,000 a year say they use Facebook , compared with 36 % whose annual family income is $ 75,000 or more . ( For details on social media platform use by different demographic groups , see Appendix A. ) Again , lower - income teens are far more likely than those from higher income households to say Facebook is the online platform they use most often ( 22 % vs. 4 % ) . There are also some differences related to gender and to race and ethnicity when it comes to teens ’ most - used sites . Girls are more likely than boys to say Snapchat is the site they use most often ( 42 % vs. 29 % ) , while boys are more inclined than girls to identify YouTube as their go - to platform ( 39 % vs. 25 % ) . Additionally , white teens ( 41 % ) are more likely than Hispanic ( 29 % ) or black ( 23 % ) teens to say Snapchat is the online platform they use most often , while black teens are more likely than whites to identify Facebook as their most used site ( 26 % vs. 7 % ) .",same,"What is the trend of income of Facebook user?",answer2,"Seven - in - ten teens living in households earning less than $ 30,000 a year say they use Facebook , compared with 36 % whose annual family income is $ 75,000 or more","Seven - in - ten teens living in households earning less than $ 30,000 a year say they use Facebook , compared with 36 % whose annual family income is $ 75,000 or more","","",""
mturk_charts/no_data/multi_col/5269.png,"Despite the nearly ubiquitous presence of social media in their lives , there is no clear consensus among teens about these platforms ’ ultimate impact on people their age . A plurality of teens ( 45 % ) believe social media has a neither positive nor negative effect on people their age . Meanwhile , roughly three - in - ten teens ( 31 % ) say social media has had a mostly positive impact , while 24 % describe its effect as mostly negative . Given the opportunity to explain their views in their own words , teens who say social media has had a mostly positive effect tended to stress issues related to connectivity and connection with others . Some 40 % of these respondents said that social media has had a positive impact because it helps them keep in touch and interact with others . Many of these responses emphasize how social media has made it easier to communicate with family and friends and to connect with new people :",same,"What does teens think about the effect of social media within their age group?",answer1,"A plurality of teens ( 45 % ) believe social media has a neither positive nor negative effect on people their age . Meanwhile , roughly three - in - ten teens ( 31 % ) say social media has had a mostly positive impact , while 24 % describe its effect as mostly negative .","A plurality of teens ( 45 % ) believe social media has a neither positive nor negative effect on people their age . Meanwhile , roughly three - in - ten teens ( 31 % ) say social media has had a mostly positive impact , while 24 % describe its effect as mostly negative .",". Meanwhile , roughly three - in - ten 31 say had mostly impact , while 24 describe its as mostly .","",""
mturk_charts/no_data/multi_col/5271.png,"As smartphone access has become more prevalent , a growing share of teens now report using the internet on a near - constant basis . Some 45 % of teens say they use the internet “ almost constantly , ” a figure that has nearly doubled from the 24 % who said this in the 2014 - 2015 survey . Another 44 % say they go online several times a day , meaning roughly nine - in - ten teens go online at least multiple times per day .",same,"What is the usage amount of internet by U.S. teens?",answer2,"45 % of teens say they use the internet “ almost constantly , ” a figure that has nearly doubled from the 24 % who said this in 2014 - 2015 . Another 44 % say they go online several times a day , meaning roughly nine - in - ten teens go online at least multiple times per day .","45 % of teens say they use the internet “ almost constantly , ” a figure that has nearly doubled from the 24 % who said this in 2014 - 2015 . Another 44 % say they go online several times a day , meaning roughly nine - in - ten teens go online at least multiple times per day .","","Some survey",""
mturk_charts/no_data/multi_col/5270.png,"Vast majority of teens have access to a home computer or smartphone Some 95 % of teens now say they have or have access to a smartphone , which represents a 22 - percentage - point increase from the 73 % of teens who said this in 2014 - 2015 . Smartphone ownership is nearly universal among teens of different genders , races and ethnicities and socioeconomic backgrounds . A more nuanced story emerges when it comes to teens ’ access to computers . While 88 % of teens report having access to a desktop or laptop computer at home , access varies greatly by income level . Fully 96 % of teens from households with an annual income of $ 75,000 or more per year say they have access to a computer at home , but that share falls to 75 % among those from households earning less than $ 30,000 a year . Computer access also varies by the level of education among parents . Teens who have a parent with a bachelor ’s degree or more are more likely to say they have access to a computer than teens whose parents have a high school diploma or less ( 94 % vs. 78 % ) .",same,"Is smartphone ownership as widespread among teens?",answer2,"95 % of teens now say they have or have access to a smartphone , which represents a 22 - percentage - point increase from the 73 % of teens who said this in 2014 - 2015 . Smartphone ownership is nearly universal among teens of different genders , races and ethnicities and socioeconomic backgrounds","95 % of teens now say they have or have access to a smartphone , which represents a 22 - percentage - point increase from the 73 % of teens who said this in 2014 - 2015 . Smartphone ownership is nearly universal among teens of different genders , races and ethnicities and socioeconomic backgrounds","","Some",""
mturk_charts/no_data/multi_col/5279.png,"Five Star and League supporters are more opposed to the European Union than the rest of the Italian public . Roughly three - in - four who support each of the two parties believe some EU powers should be returned to national governments . Further , majorities of both League and Five Star supporters say they feel this way strongly . Among the rest of the Italian public , a substantially smaller majority ( 55 % ) says some EU powers should be returned to national governments , and just 36 % feel this way strongly . Majorities of League and Five Star supporters also say that EU membership has been bad for the Italian economy ( 68 % and 62 % , respectively ) . But the rest of the Italian public is n’t so sure : 42 % say EU membership has been bad for Italy ’s economy , while 50 % say it has been good .",same,"What portion of the different parties prefer some EU powers returned to national governments?",new_answer,"Five Star and League supporters are more opposed to the European Union than the rest of the Italian public . Roughly three - in - four who support each of the two parties believe some EU powers should be returned to national governments . Further , majorities of both League and Five Star supporters say they feel this way strongly . Among the rest of the Italian public , a substantially smaller majority ( 55 % ) says some EU powers should be returned to national governments , and just 36 % feel this way strongly .","Five Star and League supporters are more opposed to the European Union than the rest of the Italian public . Roughly three - in - four who support each of the two parties believe some EU powers should be returned to national governments . Further , majorities of both League and Five Star supporters say they feel this way strongly . Among the rest of the Italian public , a substantially smaller majority ( 55 % ) says some EU powers should be returned to national governments , and just 36 % feel this way strongly .","","",""
mturk_charts/no_data/multi_col/5278.png,"Supporters of the two parties differ substantially in their views of immigrants and the benefits that they do – or do not – bring to Italian society . About three - quarters of Italians who identify with the League – which campaigned on a far - right platform focused on reducing immigration – say immigrants are a burden on the Italian economy because they take Italians ’ jobs . About seven - in - ten League supporters also say immigrants increase the risk of terrorist attacks in Italy , including 59 % who say they strongly believe immigrants increase the risk of such attacks . Those who identify with Five Star – which focused less on the immigration issue during the campaign – are more divided and much more in line with the views of the rest of Italian society . Among Five Star supporters , 49 % say immigrants are an economic burden , compared with 40 % who say they make the economy stronger . And while a majority of Five Star backers ( 55 % ) say immigrants increase the risk of terrorism in their country , a sizable percentage ( 42 % ) say immigrants do not increase terror risks .",same,"What is the proportion of League supporters view immigrants as increasing terrorist attacks in Italy?",same,"About seven - in - ten League supporters also say immigrants increase the risk of terrorist attacks in Italy , including 59 % who say they strongly believe immigrants increase the risk of such attacks","About seven - in - ten League supporters also say immigrants increase the risk of terrorist attacks in Italy , including 59 % who say they strongly believe immigrants increase the risk of such attacks","","",""
mturk_charts/no_data/multi_col/5280.png,"While the parties ’ most prominent economic policy goals may differ , majorities of both Five Star ( 82 % ) and League supporters ( 74 % ) agree that it is the government ’s responsibility to ensure a decent standard of living for all . Moreover , about two - thirds of both parties ’ supporters strongly feel the government should guarantee everyone a decent standard of living , which is substantially higher than the 51 % who say this among the rest of the Italian public .",same,"What does both Five Star and League supporters almost agree on?",answer2,"majorities of both Five Star ( 82 % ) and League supporters ( 74 % ) agree that it is the government ’s responsibility to ensure a decent standard of living for all","majorities of both Five Star ( 82 % ) and League supporters ( 74 % ) agree that it is the government ’s responsibility to ensure a decent standard of living for all","","",""
mturk_charts/no_data/multi_col/5281.png,"Americans overwhelmingly see drug addiction as a problem in their local community , regardless of whether they live in an urban , suburban or rural area , according to a new Pew Research Center survey . The public ’s concerns come amid steep increases in the number and rate of fatal drug overdoses across all three community types in recent years . Nine - in - ten Americans who live in a rural area say drug addiction is either a major or minor problem in their community , as do 87 % in urban and 86 % in suburban areas , according to the survey of 6,251 adults , conducted Feb. 26 - March 11 . Substantial shares in each community type say addiction is a major problem , though people in urban and rural areas are more likely to say this than those in a suburban setting ( 50 % and 46 % , respectively , compared with 35 % ) .",same,"How does Americans see drug addiction?",same,"Americans overwhelmingly see drug addiction as a problem in their local community , regardless of whether they live in an urban , suburban or rural area , according to a new Pew Research Center survey","Americans overwhelmingly see drug addiction as a problem in their local community , regardless of whether they live in an urban , suburban or rural area , according to a new Pew Research Center survey","","",""
mturk_charts/no_data/multi_col/5285.png,"Irish voters recently approved a measure that modifies the country ’s constitution and opens the door to legal abortion in a broader array of circumstances – perhaps more in line with the rest of Western Europe . The vote ( with 66 % approving the referendum ) underscores the findings in a new Pew Research Center report , which shows that people in Ireland – like those in 14 other Western European countries – believe abortion should be legal in all or most cases .",same,"What is the opinion in Ireland and those 14 other Western European countries?",answer1,"The vote ( with 66 % approving the referendum ) underscores the findings in a new Pew Research Center report , which shows that people in Ireland – like those in 14 other Western European countries – believe abortion should be legal in all or most cases .","The vote ( with 66 % approving the referendum ) underscores the findings in a new Pew Research Center report , which shows that people in Ireland – like those in 14 other Western European countries – believe abortion should be legal in all or most cases .","","",""
mturk_charts/no_data/multi_col/5294.png,"Roughly half of Americans ( 51 % ) say the U.S. has a responsibility to accept refugees into the country , while 43 % say it does not , the national survey found . That is changed only slightly from February of last year .",same,"What are American opinions on U.S. responsibility to accept refugees?",same,"Roughly half of Americans ( 51 % ) say the U.S. has a responsibility to accept refugees into the country , while 43 % say it does not , the national survey found","Roughly half of Americans ( 51 % ) say the U.S. has a responsibility to accept refugees into the country , while 43 % say it does not , the national survey found","","",""
mturk_charts/no_data/multi_col/5290.png,"Christians in Western Europe , including non - practicing Christians , believe in a higher power . Although many non - practicing Christians say they do not believe in God “ as described in the Bible , ” they do tend to believe in some other higher power or spiritual force in the universe . By contrast , most church - attending Christians say they believe in God as depicted in the Bible . And religiously unaffiliated adults generally say they do not believe in God or any higher power or spiritual force in the universe . Non - practicing Christians are also more likely than religiously unaffiliated adults to embrace spiritual concepts such as having a soul and feeling a connection to something that can not be measured .",same,"Describe the trend of believe in God among Christians.",answer1,"Christians in Western Europe , including non - practicing Christians , believe in a higher power . Although many non - practicing Christians say they do not believe in God “ as described in the Bible , ” they do tend to believe in some other higher power or spiritual force in the universe . By contrast , most church - attending Christians say they believe in God as depicted in the Bible . And religiously unaffiliated adults generally say they do not believe in God or any higher power or spiritual force in the universe . Non - practicing Christians are also more likely than religiously unaffiliated adults to embrace spiritual concepts such as having a soul and feeling a connection to something that can not be measured","Christians in Western Europe , including non - practicing Christians , believe in a higher power . Although many non - practicing Christians say they do not believe in God “ as described in the Bible , ” they do tend to believe in some other higher power or spiritual force in the universe . By contrast , most church - attending Christians say they believe in God as depicted in the Bible . And religiously unaffiliated adults generally say they do not believe in God or any higher power or spiritual force in the universe . Non - practicing Christians are also more likely than religiously unaffiliated adults to embrace spiritual concepts such as having a soul and feeling a connection to something that can not be measured","","",""
mturk_charts/no_data/multi_col/5295.png,"Earlier this year , a Pew Research Center analysis of State Department data found a sharp decline in the number of refugees who have entered the U.S. so far in fiscal year 2018 compared with prior years .",same,"What happened to the number of refugees who entered in the U.S. in 2018?",answer2,"Earlier this year , a Pew Research Center analysis of State Department data found a sharp decline in the number of refugees who have entered the U.S. so far in fiscal year 2018 compared with prior years .","Earlier this year , a Pew Research Center analysis of State Department data found a sharp decline in the number of refugees who have entered the U.S. so far in fiscal year 2018 compared with prior years .","","",""
mturk_charts/no_data/multi_col/5296.png,"By more than two - to - one ( 68 % to 25 % ) , white evangelical Protestants say the U.S. does not have a responsibility to accept refugees . Other religious groups are more likely to say the U.S. does have this responsibility . And opinions among religiously unaffiliated adults are nearly the reverse of those of white evangelical Protestants : 65 % say the U.S. has a responsibility to accept refugees into the country , while just 31 % say it does not .",question2,"What are the opinions about the country responsibility to accept refugees?",answer1,"By more than two - to - one ( 68 % to 25 % ) , white evangelical Protestants say the U.S. does not have a responsibility to accept refugees . Other religious groups are more likely to say the U.S. does have this responsibility . And opinions among religiously unaffiliated adults are nearly the reverse of those of white evangelical Protestants : 65 % say the U.S. has a responsibility to accept refugees into the country , while just 31 % say it does not","By more than two - to - one ( 68 % to 25 % ) , white evangelical Protestants say the U.S. does not have a responsibility to accept refugees . Other religious groups are more likely to say the U.S. does have this responsibility . And opinions among religiously unaffiliated adults are nearly the reverse of those of white evangelical Protestants : 65 % say the U.S. has a responsibility to accept refugees into the country , while just 31 % say it does not","","",""
mturk_charts/no_data/multi_col/5301.png,"A majority of rural residents perceive an urban - rural divide over values . About six - in - ten rural residents ( 58 % ) say the values of urban dwellers are very or somewhat different from theirs , while about half ( 53 % ) of urban residents say those in rural areas have values that do n’t align with theirs .",same,"Compare the views about values between urban and rural residents.",answer2,"About six - in - ten rural residents ( 58 % ) say the values of urban dwellers are very or somewhat different from theirs , while about half ( 53 % ) of urban residents say those in rural areas have values that do n’t align with theirs .","About six - in - ten rural residents ( 58 % ) say the values of urban dwellers are very or somewhat different from theirs , while about half ( 53 % ) of urban residents say those in rural areas have values that do n’t align with theirs .","","",""
mturk_charts/no_data/multi_col/5303.png,"Majorities of urban and rural residents also say people who do n’t live in their type of community have at least a somewhat negative view of those who do ( 63 % in urban and 56 % in rural areas say this ) , while a much smaller share in suburban areas ( 36 % ) say their type of community is seen negatively by those in other areas .",same,"Describe the feelings of communities about how people from different areas sees them.",same,"Majorities of urban and rural residents also say people who do n’t live in their type of community have at least a somewhat negative view of those who do ( 63 % in urban and 56 % in rural areas say this ) , while a much smaller share in suburban areas ( 36 % ) say their type of community is seen negatively by those in other areas","Majorities of urban and rural residents also say people who do n’t live in their type of community have at least a somewhat negative view of those who do ( 63 % in urban and 56 % in rural areas say this ) , while a much smaller share in suburban areas ( 36 % ) say their type of community is seen negatively by those in other areas","","",""
mturk_charts/no_data/multi_col/5304.png,"Urban and rural residents see drug addiction as a major problem in their communities . About half of urban ( 50 % ) and rural ( 46 % ) residents say drug addiction is a major problem where they live ( 35 % of suburbanites say the same ) . Across all community types , those without a bachelor ’s degree are more likely to see drug addiction as a major local issue .",same,"Describe the concerns about drug addition in the communities.",answer2,"About half of urban ( 50 % ) and rural ( 46 % ) residents say drug addiction is a major problem where they live ( 35 % of suburbanites say the same ) . Across all community types , those without a bachelor ’s degree are more likely to see drug addiction as a major local issue .","About half of urban ( 50 % ) and rural ( 46 % ) residents say drug addiction is a major problem where they live ( 35 % of suburbanites say the same ) . Across all community types , those without a bachelor ’s degree are more likely to see drug addiction as a major local issue .","","",""
mturk_charts/no_data/multi_col/5300.png,"The growth in suburban areas since 2000 is driven by several factors . More than 6 million Americans who used to live in urban and rural counties have migrated to the suburbs , and more than 5 million international immigrants have settled there as well . While urban counties have also had an influx of international immigrants since 2000 ( 7 million ) , they have lost 5 million residents to suburban and rural areas . In contrast , in rural counties , the number that moved out to other types of communities since 2000 modestly exceeded the number that moved in . All county types saw more births than deaths during this time period .",same,"Describe the migration of Americans from urban to suburban and rural areas.",answer1,"More than 6 million Americans who used to live in urban and rural counties have migrated to the suburbs , and more than 5 million international immigrants have settled there as well . While urban counties have also had an influx of international immigrants since 2000 ( 7 million ) , they have lost 5 million residents to suburban and rural areas . In contrast , in rural counties , the number that moved out to other types of communities since 2000 modestly exceeded the number that moved in . All county types saw more births than deaths during this time period","More than 6 million Americans who used to live in urban and rural counties have migrated to the suburbs , and more than 5 million international immigrants have settled there as well . While urban counties have also had an influx of international immigrants since 2000 ( 7 million ) , they have lost 5 million residents to suburban and rural areas . In contrast , in rural counties , the number that moved out to other types of communities since 2000 modestly exceeded the number that moved in . All county types saw more births than deaths during this time period","","",""
mturk_charts/no_data/multi_col/5302.png,"Urban and rural Americans have widely different views on some social and political issues , but differences can shrink when accounting for partisanship . People in urban areas are far more likely than those in rural communities to say abortion should be legal in all or most cases , that the government should do more to solve problems , that the economic system unfairly favors powerful interests and that whites benefit from advantages in society that black people do not have – but these differences shrink when accounting for partisanship . ( A 62 % majority of urban adults are Democrats or lean Democratic , while 54 % in rural areas identify with or lean toward the Republican Party . ) Majorities in urban and rural areas feel misunderstood by those living in different types of communities . About two - thirds or more in rural and urban areas ( 70 % and 65 % , respectively ) say people who do n’t live in their same type of community do n’t understand the types of problems faced by those who do . The share of suburbanites who say this is lower ( 52 % ) .",same,"Describe some difference of opinions between people living in urban and rural areas.",answer1,"People in urban areas are far more likely than those in rural communities to say abortion should be legal in all or most cases , that the government should do more to solve problems , that the economic system unfairly favors powerful interests and that whites benefit from advantages in society that black people do not have – but these differences shrink when accounting for partisanship .","People in urban areas are far more likely than those in rural communities to say abortion should be legal in all or most cases , that the government should do more to solve problems , that the economic system unfairly favors powerful interests and that whites benefit from advantages in society that black people do not have – but these differences shrink when accounting for partisanship .",".","",""
mturk_charts/no_data/multi_col/5305.png,"Perceptions of neighborhood composition along these lines vary somewhat by community type . The largest gap can be seen on perceptions of neighbors ’ racial and ethnic backgrounds : Roughly seven - in - ten rural residents ( 69 % ) say all or most of their neighbors are the same race or ethnicity as them ; significantly fewer suburban ( 53 % ) and urban ( 43 % ) adults say the same .",same,"Describe rural residents perception about their neighbors.",same,"Roughly seven - in - ten rural residents ( 69 % ) say all or most of their neighbors are the same race or ethnicity as them","Roughly seven - in - ten rural residents ( 69 % ) say all or most of their neighbors are the same race or ethnicity as them","","",""
mturk_charts/no_data/multi_col/5308.png,"Americans say their nation ’s colleges and universities compare relatively well with those in other developed countries – but the public offers more negative assessments of the state of U.S. public schools . About half of U.S. adults say the country ’s colleges and universities are either the “ best in the world ” ( 16 % ) or “ above average ” ( 35 % ) compared with those in other developed nations , according to a recent Pew Research Center report . By comparison , just 18 % say U.S. public schools rank above average or higher internationally , while 41 % of Americans say public schools are below average ( 37 % rate them as average ) .",same,"Describe Americans opinions about U.S. public schools.",answer1,"just 18 % say U.S. public schools rank above average or higher internationally , while 41 % of Americans say public schools are below average ( 37 % rate them as average ) .","just 18 % say U.S. public schools rank above average or higher internationally , while 41 % of Americans say public schools are below average ( 37 % rate them as average ) .",".","",""
mturk_charts/no_data/multi_col/5313.png,"Similarly , 43 % of Republicans and Republican leaners say their party does an excellent or good job in standing up for traditional GOP positions such as “ reducing the size of government , cutting taxes and promoting conservative social values , ” while 55 % say the party does only a fair or poor job . Among Republicans and Republican - leaning independents , conservatives ( 47 % ) are more likely than moderates and liberals ( 36 % ) to express positive opinions about the way the GOP stands up for its traditional positions . And Republicans who strongly approve of Donald Trump ’s job performance – a group that makes up 60 % of all Republicans and Republican leaners – are more positive about the party ’s advocacy of its traditional positions than are the smaller share of Republicans who approve less strongly of Trump ( 53 % vs. 28 % among those who strongly approve ) .",same,"Describe Republicans opinions about how they rate the GOP standing on its traditional positions.",answer2,"Similarly , 43 % of Republicans and Republican leaners say their party does an excellent or good job in standing up for traditional GOP positions such as “ reducing the size of government , cutting taxes and promoting conservative social values , ” while 55 % say the party does only a fair or poor job . Among Republicans and Republican - leaning independents , conservatives ( 47 % ) are more likely than moderates and liberals ( 36 % ) to express positive opinions about the way the GOP stands up for its traditional positions . And Republicans who strongly approve of Donald Trump ’s job performance – a group that makes up 60 % of all Republicans and Republican leaners – are more positive about the party ’s advocacy of its traditional positions than are the smaller share of Republicans who approve less strongly of Trump ( 53 % vs. 28 % among those who strongly approve ) .","Similarly , 43 % of Republicans and Republican leaners say their party does an excellent or good job in standing up for traditional GOP positions such as “ reducing the size of government , cutting taxes and promoting conservative social values , ” while 55 % say the party does only a fair or poor job . Among Republicans and Republican - leaning independents , conservatives ( 47 % ) are more likely than moderates and liberals ( 36 % ) to express positive opinions about the way the GOP stands up for its traditional positions . And Republicans who strongly approve of Donald Trump ’s job performance – a group that makes up 60 % of all Republicans and Republican leaners – are more positive about the party ’s advocacy of its traditional positions than are the smaller share of Republicans who approve less strongly of Trump ( 53 % vs. 28 % among those who strongly approve ) .","","",""
mturk_charts/no_data/multi_col/5314.png,"Among Democrats and Democratic leaners , women ( 48 % ) are now more likely than men ( 39 % ) to rate the party positively in standing up for its traditional positions ; there are no significant gender differences in Republicans ’ views of their party ’s advocacy of its traditional positions . In addition , black and Hispanic Democrats are more likely than whites to say the Democratic Party is doing an excellent or good job in standing up for its traditional positions . Liberal Democrats are less positive about how their party stands up for traditional positions than are the party ’s conservatives and moderates . Four - in - ten liberal Democrats say the party does well in promoting the party ’s traditional positions , compared with 49 % of conservative and moderate Democrats .",same,"Compare liberal and conservative Democrats view about how weel their party are promoting its traditional positions.",answer2,"Among Democrats and Democratic leaners , women ( 48 % ) are now more likely than men ( 39 % ) to rate the party positively in standing up for its traditional positions ; there are no significant gender differences in Republicans ’ views of their party ’s advocacy of its traditional positions . In addition , black and Hispanic Democrats are more likely than whites to say the Democratic Party is doing an excellent or good job in standing up for its traditional positions . Liberal Democrats are less positive about how their party stands up for traditional positions than are the party ’s conservatives and moderates . Four - in - ten liberal Democrats say the party does well in promoting the party ’s traditional positions , compared with 49 % of conservative and moderate Democrats .","Among Democrats and Democratic leaners , women ( 48 % ) are now more likely than men ( 39 % ) to rate the party positively in standing up for its traditional positions ; there are no significant gender differences in Republicans ’ views of their party ’s advocacy of its traditional positions . In addition , black and Hispanic Democrats are more likely than whites to say the Democratic Party is doing an excellent or good job in standing up for its traditional positions . Liberal Democrats are less positive about how their party stands up for traditional positions than are the party ’s conservatives and moderates . Four - in - ten liberal Democrats say the party does well in promoting the party ’s traditional positions , compared with 49 % of conservative and moderate Democrats .","","",""
mturk_charts/no_data/multi_col/5316.png,"Muslims around the world are set to mark Ramadan , a holy month when many fast from sunrise to sunset in order to focus on their spiritual life and get closer to God . In the United States , the vast majority of Muslims celebrate Ramadan , with eight - in - ten saying they fast during the holiday . Fasting for Ramadan is common across all the demographic groups that make up America ’s 2.15 million Muslim adults . For instance , similar shares of Muslim men and women ( 77 % vs. 82 % ) say they fast , and there is little difference between Muslims who were born in the U.S. and immigrants ( 79 % vs. 80 % ) .",same,"Describe the Ramadan's celebration habits in the U.S.",answer2,"In the United States , the vast majority of Muslims celebrate Ramadan , with eight - in - ten saying they fast during the holiday . Fasting for Ramadan is common across all the demographic groups that make up America ’s 2.15 million Muslim adults . For instance , similar shares of Muslim men and women ( 77 % vs. 82 % ) say they fast , and there is little difference between Muslims who were born in the U.S. and immigrants ( 79 % vs. 80 % ) .","In the United States , the vast majority of Muslims celebrate Ramadan , with eight - in - ten saying they fast during the holiday . Fasting for Ramadan is common across all the demographic groups that make up America ’s 2.15 million Muslim adults . For instance , similar shares of Muslim men and women ( 77 % vs. 82 % ) say they fast , and there is little difference between Muslims who were born in the U.S. and immigrants ( 79 % vs. 80 % ) .","","",""
mturk_charts/no_data/multi_col/5319.png,"While only 36 % of U.S. primary schools had officers on site , the vast majority of those schools ( 86 % ) reported that officers routinely carried a firearm . ( By comparison , 93 % of secondary schools with officers present said officers carried a firearm . ) Primary schools in cities were less likely than those in towns and rural areas to report that officers carried a firearm . Across all community types , 32 % of primary schools with officers present reported having formalized policies or written documents specifically about officers ’ use of firearms .",same,"Compare the rates of officers carrying firearms in schools in cities and in rural areas.",new_answer,"While only 36 % of U.S. primary schools had officers on site , the vast majority of those schools ( 86 % ) reported that officers routinely carried a firearm . By comparison , 93 % of secondary schools with officers present said officers carried a firearm .","While only 36 % of U.S. primary schools had officers on site , the vast majority of those schools ( 86 % ) reported that officers routinely carried a firearm . By comparison , 93 % of secondary schools with officers present said officers carried a firearm .","","",""
mturk_charts/no_data/multi_col/5321.png,"Majorities of Americans say the federal government is doing too little to protect key aspects of the environment including water ( 69 % ) and air quality ( 64 % ) . And two - thirds of Americans ( 67 % ) say the government is doing too little to reduce the effects of climate change . These findings come after a year of change in climate and energy regulatory policies under the Trump administration .",same,"Describe Americans opinion about the government actions to protect environment.",answer1,"Majorities of Americans say the federal government is doing too little to protect key aspects of the environment including water ( 69 % ) and air quality ( 64 % ) . And two - thirds of Americans ( 67 % ) say the government is doing too little to reduce the effects of climate change .","Majorities of Americans say the federal government is doing too little to protect key aspects of the environment including water ( 69 % ) and air quality ( 64 % ) . And two - thirds of Americans ( 67 % ) say the government is doing too little to reduce the effects of climate change .","","",""
mturk_charts/no_data/multi_col/5324.png,"Amid these changes , Americans are divided on whether it is possible to cut regulations while still effectively protecting air and water quality , with 52 % saying it is possible and 48 % saying it is not . Some 74 % of Republicans and independents who lean Republican believe it is possible to cut regulations and protect the quality of air and water , compared with 35 % of Democrats and Democratic leaners who say the same .",same,"What's the proportion of partisans who believe it's possible to cut regulations and protect the quality of the air and water?",answer1,"Some 74 % of Republicans and independents who lean Republican believe it is possible to cut regulations and protect the quality of air and water , compared with 35 % of Democrats and Democratic leaners who say the same .","Some 74 % of Republicans and independents who lean Republican believe it is possible to cut regulations and protect the quality of air and water , compared with 35 % of Democrats and Democratic leaners who say the same .",".","",""
mturk_charts/no_data/multi_col/5327.png,"Around three - fourths of Americans ( 76 % ) are aware that U.S. energy production has increased over the past 20 years . And large majorities of Americans favor expanding at least two types of renewable sources to provide energy : solar panel ( 89 % ) and wind turbine ( 85 % ) facilities . Fewer than half of Americans support more hydraulic fracturing or “ fracking ” ( 39 % ) , offshore oil and gas drilling ( 39 % ) or coal mining ( 37 % ) ; 44 % support more nuclear power plants . These figures are in keeping with the findings of a 2016 Pew Research Center survey .",same,"What are people thinking about renewable sources?",answer2,"large majorities of Americans favor expanding at least two types of renewable sources to provide energy : solar panel ( 89 % ) and wind turbine ( 85 % ) facilities . Fewer than half of Americans support more hydraulic fracturing or “ fracking ” ( 39 % ) , offshore oil and gas drilling ( 39 % ) or coal mining ( 37 % ) ; 44 % support more nuclear power plants .","large majorities of Americans favor expanding at least two types of renewable sources to provide energy : solar panel ( 89 % ) and wind turbine ( 85 % ) facilities . Fewer than half of Americans support more hydraulic fracturing or “ fracking ” ( 39 % ) , offshore oil and gas drilling ( 39 % ) or coal mining ( 37 % ) ; 44 % support more nuclear power plants .","","And",""
mturk_charts/no_data/multi_col/5329.png,"Views on this question are strongly aligned with partisan affiliation . While 72 % of Democrats and Democratic - leaning independents say that government regulations are necessary to promote adoption of renewable energy sources , 65 % of Republicans and Republican leaners say the private marketplace can accomplish that goal without government regulations .",same,"How do partisans see government regulations?",answer2,"While 72 % of Democrats and Democratic - leaning independents say that government regulations are necessary to promote adoption of renewable energy sources , 65 % of Republicans and Republican leaners say the private marketplace can accomplish that goal without government regulations .","While 72 % of Democrats and Democratic - leaning independents say that government regulations are necessary to promote adoption of renewable energy sources , 65 % of Republicans and Republican leaners say the private marketplace can accomplish that goal without government regulations .","","",""
mturk_charts/no_data/multi_col/5334.png,"When it comes to policies aimed at reducing the effects of global climate change , about half of U.S. adults ( 49 % ) believe these policies have net benefits for the environment . Three - in - ten say these policies make no difference for the environment and about two - in - ten ( 19 % ) believe these policies end up doing more harm than good for the environment . As with other climate issues , there are sizable political divides over the effects of climate policies . About eight - in - ten liberal Democrats ( 78 % ) say climate change policies do more good than harm , compared with 56 % of moderate or conservative Democrats . Republicans are more inclined to believe such policies have little impact or bring net harm to the environment . Among conservative Republicans , about half ( 48 % ) say these policies make no difference and three - in - ten ( 31 % ) say these policies do more harm than good for the environment .",same,"What did the American adults think about policies aimed at reducing the effects of global climate change ?",new_answer,"When it comes to policies aimed at reducing the effects of global climate change , about half of U.S. adults ( 49 % ) believe these policies have net benefits for the environment . Three - in - ten say these policies make no difference for the environment and about two - in - ten ( 19 % ) believe these policies end up doing more harm than good for the environment .","When it comes to policies aimed at reducing the effects of global climate change , about half of U.S. adults ( 49 % ) believe these policies have net benefits for the environment . Three - in - ten say these policies make no difference for the environment and about two - in - ten ( 19 % ) believe these policies end up doing more harm than good for the environment .","","",""
mturk_charts/no_data/multi_col/5335.png,"Americans tend to be more skeptical of what effects climate change policies have on the economy . Some 30 % of Americans say climate change policies help the U.S. economy , while a roughly equal share ( 31 % ) believes these policies generally hurt the economy . Another 36 % say policies to reduce the effects of global climate change generally make no difference to the U.S. economy . Conservative Republicans and liberal Democrats are at odds on this question . A majority of conservative Republicans ( 66 % ) say these policies generally hurt the U.S. economy , compared with just one - in - ten liberal Democrats ( 11 % ) . And while about half of liberal Democrats ( 53 % ) say climate change policies help the economy , only 8 % of conservative Republicans say the same .",same,"What are the effects of climate change policies on the economy based on U.S. adults' thoughts? ",answer2,"Americans tend to be more skeptical of what effects climate change policies have on the economy . Some 30 % of Americans say climate change policies help the U.S. economy , while a roughly equal share ( 31 % ) believes these policies generally hurt the economy . Another 36 % say policies to reduce the effects of global climate change generally make no difference to the U.S. economy .","Americans tend to be more skeptical of what effects climate change policies have on the economy . Some 30 % of Americans say climate change policies help the U.S. economy , while a roughly equal share ( 31 % ) believes these policies generally hurt the economy . Another 36 % say policies to reduce the effects of global climate change generally make no difference to the U.S. economy .","","",""
mturk_charts/no_data/multi_col/5336.png,"For instance , 79 % of Americans say that restrictions on power plant emissions can make a difference in reducing the effects of global climate change . Three - quarters of U.S. adults ( 76 % ) say corporate tax incentives to encourage carbon emission reductions among businesses can make a difference , and roughly seven - in - ten ( 71 % ) say the same about tougher fuel efficiency standards for cars and trucks . Americans are somewhat less optimistic about tax incentives to encourage more people to drive hybrid and electric cars . About six - in - ten ( 62 % ) think this would make a difference in reducing the effects of global climate change .",same,"what the Americans say that restrictions on power plan ?",new_answer,"79 % of Americans say that restrictions on power plant emissions can make a difference in reducing the effects of global climate change . Three - quarters of U.S. adults ( 76 % ) say corporate tax incentives to encourage carbon emission reductions among businesses can make a difference , and roughly seven - in - ten ( 71 % ) say the same about tougher fuel efficiency standards for cars and trucks .","79 % of Americans say that restrictions on power plant emissions can make a difference in reducing the effects of global climate change . Three - quarters of U.S. adults ( 76 % ) say corporate tax incentives to encourage carbon emission reductions among businesses can make a difference , and roughly seven - in - ten ( 71 % ) say the same about tougher fuel efficiency standards for cars and trucks .","","",""
mturk_charts/no_data/multi_col/5338.png,"The Pew Research Center survey asked Americans whether they think solar geoengineering would make a difference in reducing the effects of climate change and what effects they believe these techniques will have on the environment overall . In contrast to public views on other specific policy proposals , opinion is closely divided – 45 % to 52 % – over whether solar geoengineering would make a difference in reducing the effects of climate change . Opinion on this issue is closely aligned with political affiliation . About two - thirds of liberal Democrats ( 64 % ) say these techniques would make a difference , while a large majority of conservative Republicans ( 78 % ) think they would not .",same,"Describe the opinions about solar geoengineering effects on climate change.",answer1,"opinion is closely divided – 45 % to 52 % – over whether solar geoengineering would make a difference in reducing the effects of climate change . Opinion on this issue is closely aligned with political affiliation . About two - thirds of liberal Democrats ( 64 % ) say these techniques would make a difference , while a large majority of conservative Republicans ( 78 % ) think they would not .","opinion is closely divided – 45 % to 52 % – over whether solar geoengineering would make a difference in reducing the effects of climate change . Opinion on this issue is closely aligned with political affiliation . About two - thirds of liberal Democrats ( 64 % ) say these techniques would make a difference , while a large majority of conservative Republicans ( 78 % ) think they would not .",". Opinion on this issue aligned with political affiliation . About two - thirds liberal Democrats ( 64 ) say these techniques , while large majority conservative Republicans ( 78 ) think they not .","",""
mturk_charts/no_data/multi_col/5339.png,"Some 45 % of the public believes solar geoengineering would bring net harm to the environment , however . Three - in - ten U.S. adults think these techniques would bring net benefits to the environment and 22 % say they would have little effect on the environment .",same,"What Americans think about the change of harm caused by solar geoengineering?",same,"Some 45 % of the public believes solar geoengineering would bring net harm to the environment , however . Three - in - ten U.S. adults think these techniques would bring net benefits to the environment and 22 % say they would have little effect on the environment","Some 45 % of the public believes solar geoengineering would bring net harm to the environment , however . Three - in - ten U.S. adults think these techniques would bring net benefits to the environment and 22 % say they would have little effect on the environment","","",""
mturk_charts/no_data/multi_col/5367.png,"About three - quarters of conservative Republicans ( 77 % ) continue to say the Supreme Court should base its rulings on the Constitution ’s original meaning rather than its meaning in current times ( 21 % ) . But moderate and liberal Republicans are more divided : 50 % favor an interpretation based on the Constitution ’s original meaning , compared with 46 % who say the court should base its rulings on a current interpretation . Ideological differences are less pronounced among Democrats . Liberal Democrats ( 88 % ) overwhelmingly say the Supreme Court should base its rulings on the Constitution ’s meaning in current times , as do a majority ( 70 % ) of conservative and moderate Democrats . Views on constitutional interpretation also vary by age , even within both partisan coalitions . Americans 50 and older are divided , with 47 % saying the Supreme Court should base its rulings on what the Constitution currently means and 49 % saying they favor an interpretation based on the document ’s original meaning . But among Americans younger than 50 , 64 % say the high court should base rulings on the Constitution ’s current meaning , compared with 33 % who say decisions should be based on the original meaning .",question2,"Describe the opinion based on age about Supreme Court ruling way.",same,"Americans 50 and older are divided , with 47 % saying the Supreme Court should base its rulings on what the Constitution currently means and 49 % saying they favor an interpretation based on the document ’s original meaning . But among Americans younger than 50 , 64 % say the high court should base rulings on the Constitution ’s current meaning , compared with 33 % who say decisions should be based on the original meaning .","Americans 50 and older are divided , with 47 % saying the Supreme Court should base its rulings on what the Constitution currently means and 49 % saying they favor an interpretation based on the document ’s original meaning . But among Americans younger than 50 , 64 % say the high court should base rulings on the Constitution ’s current meaning , compared with 33 % who say decisions should be based on the original meaning .","","",""