img_path,"summary",question_resolution,"question",answer_resolution,"abstractive_answer","extractive_answer","decontextualizated_text_added","decontextualizated_text_removed","extra_added_text"
mturk_charts/no_data/multi_col/5574.png,"About half each say health care costs ( 53 % ) and the price of food and consumer goods ( 48 % ) have a major impact . By contrast , just 22 % say the federal budget deficit affects their finances a lot and 21 % say the same about “ how the stock market is doing . ”",same,"How closely are Americans to find out that capitalism sucks?",same,"About half each say health care costs ( 53 % ) and the price of food and consumer goods ( 48 % ) have a major impact . By contrast , just 22 % say the federal budget deficit affects their finances a lot and 21 % say the same about “ how the stock market is doing","About half each say health care costs ( 53 % ) and the price of food and consumer goods ( 48 % ) have a major impact . By contrast , just 22 % say the federal budget deficit affects their finances a lot and 21 % say the same about “ how the stock market is doing","","",""
mturk_charts/no_data/multi_col/5577.png,"Looking ahead , the public has mixed views of how they think the national economy will perform over the next year . While slightly more say they expect conditions to be better a year from now ( 34 % ) than worse ( 25 % ) , 40 % expect conditions to be about the same .",same,"What is the public expecting from the near future economy?",same,"Looking ahead , the public has mixed views of how they think the national economy will perform over the next year . While slightly more say they expect conditions to be better a year from now ( 34 % ) than worse ( 25 % ) , 40 % expect conditions to be about the same","Looking ahead , the public has mixed views of how they think the national economy will perform over the next year . While slightly more say they expect conditions to be better a year from now ( 34 % ) than worse ( 25 % ) , 40 % expect conditions to be about the same","","",""
mturk_charts/no_data/multi_col/5579.png,"Among the factors that affect household finances , the public ranks the cost of health care and the prices of food and consumer goods highest . About half of Americans say the cost of health care affects their household ’s financial situation a lot ( 53 % ) , and nearly as many ( 48 % ) say the same about prices of food and consumer goods . Real estate values ( 37 % ) , gas prices ( 37 % ) and the availability of jobs ( 34 % ) are mentioned by about a third of Americans as affecting their household ’s finances a lot . Only about two - in - ten say the same of the stock market ( 21 % ) or the federal budget deficit ( 22 % ) .",same,"How closely are Americans to find out that their lives are regulated by money?",answer2,"Among the factors that affect household finances , the public ranks the cost of health care and the prices of food and consumer goods highest . About half of Americans say the cost of health care affects their household ’s financial situation a lot ( 53 % ) , and nearly as many ( 48 % ) say the same about prices of food and consumer goods . Real estate values ( 37 % ) , gas prices ( 37 % ) and the availability of jobs ( 34 % ) are mentioned by about a third of Americans as affecting their household ’s finances a lot . Only about two - in - ten say the same of the stock market ( 21 % ) or the federal budget deficit ( 22 % ) .","Among the factors that affect household finances , the public ranks the cost of health care and the prices of food and consumer goods highest . About half of Americans say the cost of health care affects their household ’s financial situation a lot ( 53 % ) , and nearly as many ( 48 % ) say the same about prices of food and consumer goods . Real estate values ( 37 % ) , gas prices ( 37 % ) and the availability of jobs ( 34 % ) are mentioned by about a third of Americans as affecting their household ’s finances a lot . Only about two - in - ten say the same of the stock market ( 21 % ) or the federal budget deficit ( 22 % ) .","","",""
mturk_charts/no_data/multi_col/5581.png,"There continue to be wide differences across income categories in assessments of the impact of financial pressures , but health care costs is a top household financial pressure across all income levels . About half ( 53 % ) of households earning $ 100,000 or more a year say it affects their financial situations a lot ; about as many ( 52 % ) of those earning $ 30,000 a year or less say the same . On the impact of other pressures , there are some substantial differences across income groups . While about six - in - ten in lower income households say the prices of food and consumer goods impacts their finances a lot ( 59 % of those in households with incomes of less than $ 30,000 a year ) , four - in - ten of those in higher income households say the same ( 40 % of households making $ 75,000 annually or more ) .",same,"Compare the food price impact in the finances of different levels of income.",answer1,"While about six - in - ten in lower income households say the prices of food and consumer goods impacts their finances a lot ( 59 % of those in households with incomes of less than $ 30,000 a year ) , four - in - ten of those in higher income households say the same ( 40 % of households making $ 75,000 annually or more","While about six - in - ten in lower income households say the prices of food and consumer goods impacts their finances a lot ( 59 % of those in households with incomes of less than $ 30,000 a year ) , four - in - ten of those in higher income households say the same ( 40 % of households making $ 75,000 annually or more","","",""
mturk_charts/no_data/multi_col/5587.png,"The survey asked respondents whether they would go to live in another country , if they had the means and opportunity . At least four - in - ten in each sub - Saharan country surveyed answered yes , including roughly three - quarters of those surveyed in Ghana ( 75 % ) and Nigeria ( 74 % ) .",same,"What sub-Saharan people think about living in another country?",answer1,"The survey asked respondents whether they would go to live in another country , if they had the means and opportunity At least four - in - ten in each sub - Saharan country surveyed answered yes , including roughly three - quarters of those surveyed in Ghana ( 75 % ) and Nigeria ( 74 % ) .","The survey asked respondents whether they would go to live in another country , if they had the means and opportunity At least four - in - ten in each sub - Saharan country surveyed answered yes , including roughly three - quarters of those surveyed in Ghana ( 75 % ) and Nigeria ( 74 % ) .",".","",""
mturk_charts/no_data/multi_col/5588.png,"Pressures related to economic well - being and insecurity may help to explain why , beyond a general willingness to migrate , substantial shares of sub - Saharan Africans say they actually plan to move to another country in the next five years . Among the six countries polled , the share with plans to migrate ranges from roughly four - in - ten or more in Senegal ( 44 % ) , Ghana ( 42 % ) and Nigeria ( 38 % ) to fewer than one - in - ten in Tanzania ( 8 % ) .",same,"Compare the rates of people who would move to another country in different sub-Saharan countries.",answer1,"Among the six countries polled , the share with plans to migrate ranges from roughly four - in - ten or more in Senegal ( 44 % ) , Ghana ( 42 % ) and Nigeria ( 38 % ) to fewer than one - in - ten in Tanzania ( 8 % )","Among the six countries polled , the share with plans to migrate ranges from roughly four - in - ten or more in Senegal ( 44 % ) , Ghana ( 42 % ) and Nigeria ( 38 % ) to fewer than one - in - ten in Tanzania ( 8 % )","","",""
mturk_charts/no_data/multi_col/5590.png,"Higher shares of adults in Senegal and South Africa say they have friends or relatives they stay in touch with regularly in Europe than say this about friends or relatives in the U.S. Meanwhile , in Ghana , Nigeria and Tanzania , people have friends or relatives they stay in touch with in Europe and the U.S. at about the same rate . In Kenya , a higher share of people have contacts in the United States .",same,"What is the trend of people have friends or relatives that stay in touch with regularly?",answer1,"Higher shares of adults in Senegal and South Africa say they have friends or relatives they stay in touch with regularly in Europe than say this about friends or relatives in the U.S. Meanwhile , in Ghana , Nigeria and Tanzania , people have friends or relatives they stay in touch with in Europe and the U.S. at about the same rate . In Kenya , a higher share of people have contacts in the United States","Higher shares of adults in Senegal and South Africa say they have friends or relatives they stay in touch with regularly in Europe than say this about friends or relatives in the U.S. Meanwhile , in Ghana , Nigeria and Tanzania , people have friends or relatives they stay in touch with in Europe and the U.S. at about the same rate . In Kenya , a higher share of people have contacts in the United States","Higher shares adults Senegal and South Africa say they friends or relatives they stay touch with regularly Europe than say this about friends or relatives U.S. Meanwhile Ghana Nigeria and Tanzania friends or relatives they stay touch with Europe and U.S. at about same rate .","",""
mturk_charts/no_data/multi_col/5596.png,"While these 30 Facebook pages with a self - described focus on a science - related area cover a range of topics , just 29 % of the Facebook posts from these pages had a focus or “ frame ” around information about new scientific discoveries . Some pages used a new - discovery frame in the bulk of their posts . For example , that was true of ScienceAlert , IFLScience , NASA Earth and New Scientist . But that framing was rare on other pages . Across the 30 pages , other frames were evident when researchers coded a representative sample of the posts . Fully 21 % of posts featured the practical applications of science information , relying on a “ news you can use ” frame . Another 16 % of posts were promotions or advertisements for media or events , 12 % of posts were aimed at explaining a science - related concept , and the remainder used some other frame .",same,"What is the proportion of Facebook posts on 30 science-related pages using each frame?",new_answer,"While these 30 Facebook pages with a self - described focus on a science - related area cover a range of topics , just 29 % of the Facebook posts from these pages had a focus or “ frame ” around information about new scientific discoveries . Fully 21 % of posts featured the practical applications of science information , relying on a “ news you can use ” frame . Another 16 % of posts were promotions or advertisements for media or events , 12 % of posts were aimed at explaining a science - related concept , and the remainder used some other frame .","While these 30 Facebook pages with a self - described focus on a science - related area cover a range of topics , just 29 % of the Facebook posts from these pages had a focus or “ frame ” around information about new scientific discoveries . Fully 21 % of posts featured the practical applications of science information , relying on a “ news you can use ” frame . Another 16 % of posts were promotions or advertisements for media or events , 12 % of posts were aimed at explaining a science - related concept , and the remainder used some other frame .","","",""
mturk_charts/no_data/multi_col/5592.png,"Slightly more than half of U.S. adults ( 54 % ) said in a Pew Research Center survey conducted in May 2017 that they were somewhat or very worried about the development of driverless vehicles , while 40 % said they were at least somewhat enthusiastic about it . A majority of U.S. adults ( 56 % ) also said they would not personally want to ride in a driverless car if they had the opportunity , compared with 44 % who would . The most common reasons cited by Americans who said they would not personally want to ride in a self - driving car were a lack of trust or fear of giving up control to a machine ( 42 % ) and other specific safety concerns ( 30 % ) . Among those who said they would want to ride in a self - driving car , the largest share ( 37 % ) cited a love of technology and/or a desire for an exciting or new experience . Another 17 % pointed to safety in the belief that a driverless car would be safer than a car driven by a human .",same,"What is the opinion of driverless vehicles in the U.S?",answer2,"Slightly more than half of U.S. adults ( 54 % ) said in a Pew Research Center survey conducted in May 2017 that they were somewhat or very worried about the development of driverless vehicles , while 40 % said they were at least somewhat enthusiastic about it . A majority of U.S. adults ( 56 % ) also said they would not personally want to ride in a driverless car if they had the opportunity , compared with 44 % who would . The most common reasons cited by Americans who said they would not personally want to ride in a self - driving car were a lack of trust or fear of giving up control to a machine ( 42 % ) and other specific safety concerns ( 30 % ) . Among those who said they would want to ride in a self - driving car , the largest share ( 37 % ) cited a love of technology and/or a desire for an exciting or new experience . Another 17 % pointed to safety in the belief that a driverless car would be safer than a car driven by a human","Slightly more than half of U.S. adults ( 54 % ) said in a Pew Research Center survey conducted in May 2017 that they were somewhat or very worried about the development of driverless vehicles , while 40 % said they were at least somewhat enthusiastic about it . A majority of U.S. adults ( 56 % ) also said they would not personally want to ride in a driverless car if they had the opportunity , compared with 44 % who would . The most common reasons cited by Americans who said they would not personally want to ride in a self - driving car were a lack of trust or fear of giving up control to a machine ( 42 % ) and other specific safety concerns ( 30 % ) . Among those who said they would want to ride in a self - driving car , the largest share ( 37 % ) cited a love of technology and/or a desire for an exciting or new experience . Another 17 % pointed to safety in the belief that a driverless car would be safer than a car driven by a human","","",""
mturk_charts/no_data/multi_col/5601.png,"While a majority of voters ( 69 % ) are white non - Hispanics , nonwhite voters now make up an increasing share of all voters : 29 % of registered voters are African American , Hispanic or Asian American or belong to another race , up from 16 % in 1997 . Nonwhites constitute nearly four - in - ten Democratic voters ( 39 % ) , compared with 24 % two decades ago . The GOP coalition also has become more racially and ethnically diverse , but nonwhites make up only 14 % of Republican voters , up from 8 % in 1997 . The educational makeup of the two parties ’ electorates also has changed substantially over the past two decades . When race and education are taken into account , white voters who do to not have a college degree make up a diminished share of Democratic registered voters . White voters who do not have a four - year degree now constitute just a third of Democratic voters , down from 56 % two decades ago . By contrast , non - college white voters continue to make up a majority of Republican and Republican - leaning registered voters ( 59 % now , 66 % in 1997 ) .",same,"Compare voters distribution among different races.",same,"While a majority of voters ( 69 % ) are white non - Hispanics , nonwhite voters now make up an increasing share of all voters : 29 % of registered voters are African American , Hispanic or Asian American or belong to another race , up from 16 % in 1997","While a majority of voters ( 69 % ) are white non - Hispanics , nonwhite voters now make up an increasing share of all voters : 29 % of registered voters are African American , Hispanic or Asian American or belong to another race , up from 16 % in 1997","","",""
mturk_charts/no_data/multi_col/5609.png,"There is a wide ideological gap regarding whether the U.S. succeeded in Iraq among Democrats . Only 18 % of liberal Democrats say the U.S. mostly succeeded in achieving its goals , compared with 39 % of conservative and moderate Democrats . There is little difference between conservative Republicans ( 50 % ) and moderate and liberal Republicans ( 43 % ) .",same,"Compare partisans views about U.S. actions in Iraq.",answer1,"Only 18 % of liberal Democrats say the U.S. mostly succeeded in achieving its goals , compared with 39 % of conservative and moderate Democrats . There is little difference between conservative Republicans ( 50 % ) and moderate and liberal Republicans ( 43 % ) .","Only 18 % of liberal Democrats say the U.S. mostly succeeded in achieving its goals , compared with 39 % of conservative and moderate Democrats . There is little difference between conservative Republicans ( 50 % ) and moderate and liberal Republicans ( 43 % ) .","","",""
mturk_charts/no_data/multi_col/5620.png,"Among those who disapprove of Trump , 65 % of self - identified Democrats say they do n’t think those with a different view of Trump share their other values and goals . Among those who disapprove of Trump and lean toward the Democratic Party ( but do n’t identify with it ) , views are more mixed : 47 % think those with a different view of Trump probably share many of their other values and goals , while 52 % think they probably do not .",same,"Describe the views of people who disapprove of Trump.",answer1,"Among those who disapprove of Trump , 65 % of self - identified Democrats say they do n’t think those with a different view of Trump share their other values and goals . Among those who disapprove of Trump and lean toward the Democratic Party ( but do n’t identify with it ) , views are more mixed : 47 % think those with a different view of Trump probably share many of their other values and goals , while 52 % think they probably do not","Among those who disapprove of Trump , 65 % of self - identified Democrats say they do n’t think those with a different view of Trump share their other values and goals . Among those who disapprove of Trump and lean toward the Democratic Party ( but do n’t identify with it ) , views are more mixed : 47 % think those with a different view of Trump probably share many of their other values and goals , while 52 % think they probably do not","","",""
mturk_charts/no_data/multi_col/5621.png,"Currently , whites remain divided in their views of Trump : Half ( 50 % ) approve of the job Trump is doing as president , while 45 % disapprove . Blacks ( 85 % ) and Hispanics ( 74 % ) overwhelmingly disapprove of Trump ’s job performance .",same,"Describe what different race people think about the thing did by Trump?",answer2,"Half ( 50 % ) approve of the job Trump is doing as president , while 45 % disapprove . Blacks ( 85 % ) and Hispanics ( 74 % ) overwhelmingly disapprove of Trump ’s job performance","Half ( 50 % ) approve of the job Trump is doing as president , while 45 % disapprove . Blacks ( 85 % ) and Hispanics ( 74 % ) overwhelmingly disapprove of Trump ’s job performance","","",""
mturk_charts/no_data/multi_col/5624.png,"The public is split on whether Russian efforts to influence the 2016 election benefited Donald Trump ’s campaign or neither campaign very much . Roughly equal shares say that Russian efforts likely benefited Trump ’s campaign ( 43 % ) or neither of the campaigns ( 48 % ) – with sharp divisions by party . Just 4 % say Russian efforts benefited Hillary Clinton ’s campaign .",same,"What are the opinions about Russian influence on the 2016 elections?",same,"Roughly equal shares say that Russian efforts likely benefited Trump ’s campaign ( 43 % ) or neither of the campaigns ( 48 % ) – with sharp divisions by party . Just 4 % say Russian efforts benefited Hillary Clinton ’s campaign","Roughly equal shares say that Russian efforts likely benefited Trump ’s campaign ( 43 % ) or neither of the campaigns ( 48 % ) – with sharp divisions by party . Just 4 % say Russian efforts benefited Hillary Clinton ’s campaign","","",""
mturk_charts/no_data/multi_col/5626.png,"Democrats – especially liberals – are deeply skeptical that the White House will make serious efforts to block Russia from intervening in future elections . A large majority of liberal Democrats ( 70 % ) , along with about half ( 51 % ) of the party ’s conservatives and moderates , say they are “ not at all confident ” the administration will make serious efforts .",same,"Describe the Democrats confidence about White House efforts to block Russia interventions.",answer2,"A large majority of liberal Democrats ( 70 % ) , along with about half ( 51 % ) of the party ’s conservatives and moderates , say they are “ not at all confident ” the administration will make serious efforts .","A large majority of liberal Democrats ( 70 % ) , along with about half ( 51 % ) of the party ’s conservatives and moderates , say they are “ not at all confident ” the administration will make serious efforts .","","",""
mturk_charts/no_data/multi_col/5633.png,"As one might expect , working in science , technology , engineering and math ( STEM ) – or earning a postgraduate degree in a STEM field – is closely related to liking science and math classes in grades K-12 . But many of those who work in other occupations or have a degree in a different field liked one or both of these subjects as well .",same,"Could math be considered a step for the STEM field?",answer1,"As one might expect , working in science , technology , engineering and math ( STEM ) – or earning a postgraduate degree in a STEM field – is closely related to liking science and math classes in grades K-12 . But many of those who work in other occupations or have a degree in a different field liked one or both of these subjects as well .","As one might expect , working in science , technology , engineering and math ( STEM ) – or earning a postgraduate degree in a STEM field – is closely related to liking science and math classes in grades K-12 . But many of those who work in other occupations or have a degree in a different field liked one or both of these subjects as well .","","",""
mturk_charts/no_data/multi_col/5650.png,"A plurality of women ( 48 % ) say they work in places where there are more women than men , while 18 % say there are more men than women , according to a Pew Research Center survey . Similarly , 44 % of men say their workplace is majority - male , and 19 % say women outnumber men . About a third of women ( 33 % ) and men ( 36 % ) say both genders are about equally represented in their workplace .",same,"What is the situation of different gender in workplace?",answer1,"A plurality of women ( 48 % ) say they work in places where there are more women than men , while 18 % say there are more men than women , according to a Pew Research Center survey . Similarly , 44 % of men say their workplace is majority - male , and 19 % say women outnumber men . About a third of women ( 33 % ) and men ( 36 % ) say both genders are about equally represented in their workplace .","A plurality of women ( 48 % ) say they work in places where there are more women than men , while 18 % say there are more men than women , according to a Pew Research Center survey . Similarly , 44 % of men say their workplace is majority - male , and 19 % say women outnumber men . About a third of women ( 33 % ) and men ( 36 % ) say both genders are about equally represented in their workplace .","","",""
mturk_charts/no_data/multi_col/5651.png,"There are big gaps as well in perceptions about how women are treated in the workplace and how much attention is paid to increasing gender diversity . Most women who work in majority - female workplaces say women are usually treated fairly where they work when it comes to recruitment and hiring ( 79 % ) and in opportunities for promotion and advancement ( 70 % ) . Smaller shares , but still majorities , of women who say their workplace is balanced in terms of gender say women are treated fairly in these areas . Women who work in majority - male workplaces feel much differently : 48 % say women are treated fairly where they work when it comes to recruitment and hiring , and even fewer ( 38 % ) say women are treated fairly in promotions and advancement . Women who work mainly with men are also less likely than other female workers to say their workplace pays the right amount of attention to increasing gender diversity . Only 49 % say this , compared with 78 % of women who say there is an even gender mix where they work and 71 % who work in female - dominated workplaces .",same,"What is the situation of gender equality in workplace?",answer1,"There are big gaps as well in perceptions about how women are treated in the workplace and how much attention is paid to increasing gender diversity . Most women who work in majority - female workplaces say women are usually treated fairly where they work when it comes to recruitment and hiring ( 79 % ) and in opportunities for promotion and advancement ( 70 % ) . Smaller shares , but still majorities , of women who say their workplace is balanced in terms of gender say women are treated fairly in these areas . Women who work in majority - male workplaces feel much differently : 48 % say women are treated fairly where they work when it comes to recruitment and hiring , and even fewer ( 38 % ) say women are treated fairly in promotions and advancement . Women who work mainly with men are also less likely than other female workers to say their workplace pays the right amount of attention to increasing gender diversity . Only 49 % say this , compared with 78 % of women who say there is an even gender mix where they work and 71 % who work in female - dominated workplaces","There are big gaps as well in perceptions about how women are treated in the workplace and how much attention is paid to increasing gender diversity . Most women who work in majority - female workplaces say women are usually treated fairly where they work when it comes to recruitment and hiring ( 79 % ) and in opportunities for promotion and advancement ( 70 % ) . Smaller shares , but still majorities , of women who say their workplace is balanced in terms of gender say women are treated fairly in these areas . Women who work in majority - male workplaces feel much differently : 48 % say women are treated fairly where they work when it comes to recruitment and hiring , and even fewer ( 38 % ) say women are treated fairly in promotions and advancement . Women who work mainly with men are also less likely than other female workers to say their workplace pays the right amount of attention to increasing gender diversity . Only 49 % say this , compared with 78 % of women who say there is an even gender mix where they work and 71 % who work in female - dominated workplaces","","",""
mturk_charts/no_data/multi_col/5659.png,"Pessimism and disaffection are widespread among Italians ahead of the country ’s general election on Sunday . In a Pew Research Center survey conducted last fall , 82 % of Italians said they distrust parliament and an equal share said the national economic situation is bad . About three - quarters ( 77 % ) said politicians do n’t care what people like them think , including 59 % who felt that way strongly .",same,"Which percentage of Italians say they don't trust parliament and that the economic situation is not good?",same,"In a Pew Research Center survey conducted last fall , 82 % of Italians said they distrust parliament and an equal share said the national economic situation is bad","In a Pew Research Center survey conducted last fall , 82 % of Italians said they distrust parliament and an equal share said the national economic situation is bad","","",""
mturk_charts/no_data/multi_col/5669.png,"More than four - in - ten Millennials ( currently ages 22 to 37 ) are Hispanic ( 21 % ) , African American ( 13 % ) , Asian ( 7 % ) or another race ( 3 % ) . Among Gen Xers , 39 % are nonwhites .",same,"What is the diversity distribution of millennials?",answer2,"More than four - in - ten Millennials ( currently ages 22 to 37 ) are Hispanic ( 21 % ) , African American ( 13 % ) , Asian ( 7 % ) or another race ( 3 % ) . Among Gen Xers , 39 % are nonwhites","More than four - in - ten Millennials ( currently ages 22 to 37 ) are Hispanic ( 21 % ) , African American ( 13 % ) , Asian ( 7 % ) or another race ( 3 % ) . Among Gen Xers , 39 % are nonwhites","","",""
mturk_charts/no_data/multi_col/5673.png,"Along with being the most popular social media site , Facebook users also visit the site with high levels of frequency . Fully 74 % of Facebook users say they visit the site daily , with around half ( 51 % ) saying they do several times a day . The share of Facebook users who visit the site on a daily basis is statistically unchanged compared with 2016 , when 76 % of Facebook users reported they visited the site daily . While the overall share of Americans who use Snapchat is smaller than that of Facebook , a similar share of Snapchat users ( 49 % ) say they use the platform multiple times per day . All told , a majority of Snapchat ( 63 % ) and Instagram ( 60 % ) users indicate that they visit these platforms on a daily basis . The share of Instagram users who visit the platform daily has increased slightly since 2016 when 51 % of Instagram users were daily visitors . ( Note : this is the first year the Center has specifically asked about the frequency of Snapchat use in a telephone poll . )",same,"How usual did U.S. adults use Facebook, Snapchat and Instagram?",same,"Fully 74 % of Facebook users say they visit the site daily , with around half ( 51 % ) saying they do several times a day . While the overall share of Americans who use Snapchat is smaller than that of Facebook , a similar share of Snapchat users ( 49 % ) say they use the platform multiple times per day . All told , a majority of Snapchat ( 63 % ) and Instagram ( 60 % ) users indicate that they visit these platforms on a daily basis .","Fully 74 % of Facebook users say they visit the site daily , with around half ( 51 % ) saying they do several times a day . While the overall share of Americans who use Snapchat is smaller than that of Facebook , a similar share of Snapchat users ( 49 % ) say they use the platform multiple times per day . All told , a majority of Snapchat ( 63 % ) and Instagram ( 60 % ) users indicate that they visit these platforms on a daily basis .",". While overall share Americans who use Snapchat is smaller than that similar share Snapchat 49 use platform multiple per . All told majority Snapchat 63 and Instagram 60 indicate that these platforms on basis .","",""
mturk_charts/no_data/multi_col/5675.png,"These findings vary by age . Roughly half of social media users ages 18 to 24 ( 51 % ) say it would be hard to give up social media , but just one - third of users ages 50 and older feel similarly . The data also fit broadly with other findings the Center has collected about Americans ’ attitudes toward social media . Despite using them for a wide range of reasons , just 3 % of social media users indicate that they have a lot of trust in the information they find on these sites . And relatively few have confidence in these platforms to keep their personal information safe from bad actors .",same,"What percentage of social media users have trust in the information they find on the sites?",answer1,"Despite using them for a wide range of reasons , just 3 % of social media users indicate that they have a lot of trust in the information they find on these sites .","Despite using them for a wide range of reasons , just 3 % of social media users indicate that they have a lot of trust in the information they find on these sites .",".","",""
mturk_charts/no_data/multi_col/5676.png,"Sub - Saharan African nations account for eight of the 10 fastest growing international migrant populations since 2010 , according to a Pew Research Center analysis of the latest United Nations data on the number of emigrants , or people living outside their country of birth . The number of emigrants from each of these sub - Saharan countries grew by 50 % or more between 2010 and 2017 , significantly more than the 17 % worldwide average increase for the same period . At the country level , only Syria had a higher rate of growth in its number of people living in other countries .",same,"Which country has the highest rate of emigrants?",answer1,"At the country level , only Syria had a higher rate of growth in its number of people living in other countries .","At the country level , only Syria had a higher rate of growth in its number of people living in other countries .","","",""
mturk_charts/no_data/multi_col/5678.png,"And as international migration has increased , the breakdown of where sub - Saharan emigrants live has changed . In 1990 , 75 % of emigrants from the region lived in other sub - Saharan countries , a share that dropped to 68 % by 2017 . Over the same period , the share of sub - Saharan emigrants who live in the United States climbed from 2 % to 6 % . This has helped make African immigrants a small but fast - growing slice of the overall U.S. immigrant population . As of 2017 , nearly 1.5 million sub - Saharan immigrants lived in the U.S. , according to UN data .",same,"Which country does people born in sub-Saharan Africa usually live?",new_answer,"And as international migration has increased , the breakdown of where sub - Saharan emigrants live has changed . In 1990 , 75 % of emigrants from the region lived in other sub - Saharan countries , a share that dropped to 68 % by 2017 . Over the same period , the share of sub - Saharan emigrants who live in the United States climbed from 2 % to 6 % . This has helped make African immigrants a small but fast - growing slice of the overall U.S. immigrant population . As of 2017 , nearly 1.5 million sub - Saharan immigrants lived in the U.S. , according to UN data .","And as international migration has increased , the breakdown of where sub - Saharan emigrants live has changed . In 1990 , 75 % of emigrants from the region lived in other sub - Saharan countries , a share that dropped to 68 % by 2017 . Over the same period , the share of sub - Saharan emigrants who live in the United States climbed from 2 % to 6 % . This has helped make African immigrants a small but fast - growing slice of the overall U.S. immigrant population . As of 2017 , nearly 1.5 million sub - Saharan immigrants lived in the U.S. , according to UN data .","","",""
mturk_charts/no_data/multi_col/5681.png,"The two publics also have different perspectives on the core elements of the U.S.-German relationship . A 45 % plurality of Germans believe economic and trade ties are the most important component of the relationship , while just around one - third point toward shared democratic values . Only 16 % say security and defense ties are most important .",same,"What percentage of Germans believe that U.S. - German relationship is important?",answer1,"A 45 % plurality of Germans believe economic and trade ties are the most important component of the relationship , while just around one - third point toward shared democratic values","A 45 % plurality of Germans believe economic and trade ties are the most important component of the relationship , while just around one - third point toward shared democratic values","","",""
mturk_charts/no_data/multi_col/5683.png,"In both nations , there are partisan differences over what binds the two countries together.1 Among Americans , Republicans clearly see defense ties as most important ( 47 % ) , with 28 % naming economic and trade ties and just 12 % naming shared values . Democrats are almost evenly divided across the three options .",same,"What are the partisan differences in the most important binding factor between U.S. and German?",same,"Among Americans , Republicans clearly see defense ties as most important ( 47 % ) , with 28 % naming economic and trade ties and just 12 % naming shared values . Democrats are almost evenly divided across the three options","Among Americans , Republicans clearly see defense ties as most important ( 47 % ) , with 28 % naming economic and trade ties and just 12 % naming shared values . Democrats are almost evenly divided across the three options","","",""
mturk_charts/no_data/multi_col/5684.png,"In addition , Democrats are more likely to name Germany as a top foreign policy partner for the U.S. Among Democrats , 21 % believe Germany is one of the two most important partners for the U.S. , putting it in the third spot overall behind Great Britain ( 32 % ) and China ( 26 % ) . Among Republicans , Germany is tied for the seventh spot , alongside Russia , with just 5 % of Republicans citing it as a top partner .",same,"How is German ranked by Republicans in term of important partners for the U.S.?",answer1,"Among Republicans , Germany is tied for the seventh spot , alongside Russia , with just 5 % of Republicans citing it as a top partner","Among Republicans , Germany is tied for the seventh spot , alongside Russia , with just 5 % of Republicans citing it as a top partner","","",""
mturk_charts/no_data/multi_col/5687.png,"Americans are much less likely to see Germany in this way – only 12 % name Germany as one of America ’s top two partners . Still , Germany does make the top four , trailing Great Britain ( 33 % ) and China ( 24 % ) and tying with Israel ( 12 % ) .",same,"Describe whether Americans think Germany as important partner for foreign policy?",new_answer,"Americans are much less likely to see Germany in this way – only 12 % name Germany as one of America ’s top two partners . Still , Germany does make the top four , trailing Great Britain ( 33 % ) and China ( 24 % ) and tying with Israel ( 12 % ) .","Americans are much less likely to see Germany in this way – only 12 % name Germany as one of America ’s top two partners . Still , Germany does make the top four , trailing Great Britain ( 33 % ) and China ( 24 % ) and tying with Israel ( 12 % ) .","","",""
mturk_charts/no_data/multi_col/5688.png,"Both the American and German publics support cooperating more with a number of global powers in the future . Majorities across both nations want to work more with each other , as well as with France , Great Britain and China . However , fewer Germans want their country to cooperate more with the U.S. than with any other country tested . And roughly one - third in Germany ( 34 % ) say they want to cooperate less with the U.S. in the future . Almost eight - in - ten in Germany want to see their country working more with Russia . Americans are split – just 43 % want increased cooperation with Moscow while 44 % hold the opposite view . Democrats are much more likely than Republicans to say the U.S. should cooperate less with Russia in the future ( 55 % versus 35 % respectively ) . But when it comes to working with Germany , France , Great Britain and China , Democrats are more likely than Republicans to want increased cooperation .",same,"Which country does Americans and Germans think they should corporate with?",new_answer,"Both the American and German publics support cooperating more with a number of global powers in the future . Majorities across both nations want to work more with each other , as well as with France , Great Britain and China . However , fewer Germans want their country to cooperate more with the U.S. than with any other country tested . And roughly one - third in Germany ( 34 % ) say they want to cooperate less with the U.S. in the future . Almost eight - in - ten in Germany want to see their country working more with Russia . Americans are split – just 43 % want increased cooperation with Moscow while 44 % hold the opposite view .","Both the American and German publics support cooperating more with a number of global powers in the future . Majorities across both nations want to work more with each other , as well as with France , Great Britain and China . However , fewer Germans want their country to cooperate more with the U.S. than with any other country tested . And roughly one - third in Germany ( 34 % ) say they want to cooperate less with the U.S. in the future . Almost eight - in - ten in Germany want to see their country working more with Russia . Americans are split – just 43 % want increased cooperation with Moscow while 44 % hold the opposite view .","","",""
mturk_charts/no_data/multi_col/5691.png,"Parents with children younger than 18 in the household were no more or less likely than non - parents to express support for allowing teachers to carry guns in schools : 46 % of parents and 44 % of non - parents said they would favor it . Instead , opinions divided primarily along party lines and by gun ownership status , with Republicans and those who own guns particularly likely to say they would support allowing teachers to carry guns in schools .",same,"Describe about opinion by parents with children younger than 18 in the household regarding teachers carrying guns in schools?",answer1,"Parents with children younger than 18 in the household were no more or less likely than non - parents to express support for allowing teachers to carry guns in schools : 46 % of parents and 44 % of non - parents said they would favor it . Instead , opinions divided primarily along party lines and by gun ownership status , with Republicans and those who own guns particularly likely to say they would support allowing teachers to carry guns in schools","Parents with children younger than 18 in the household were no more or less likely than non - parents to express support for allowing teachers to carry guns in schools : 46 % of parents and 44 % of non - parents said they would favor it . Instead , opinions divided primarily along party lines and by gun ownership status , with Republicans and those who own guns particularly likely to say they would support allowing teachers to carry guns in schools","","",""
mturk_charts/no_data/multi_col/5716.png,"Roughly eight - in - ten ( 79 % ) African Americans self - identify as Christian , as do seven - in - ten whites and 77 % of Latinos , according to Pew Research Center ’s 2014 Religious Landscape Study . Most black Christians and about half of all African Americans ( 53 % ) are associated with historically black Protestant churches , according to the study . Smaller shares of African Americans identify with evangelical Protestantism ( 14 % ) , Catholicism ( 5 % ) , mainline Protestantism ( 4 % ) and Islam ( 2 % ) .",same,"Describe the religious identity breakdown by race?",answer1,"Roughly eight - in - ten ( 79 % ) African Americans self - identify as Christian , as do seven - in - ten whites and 77 % of Latinos , according to Pew Research Center ’s 2014 Religious Landscape Study . Most black Christians and about half of all African Americans ( 53 % ) are associated with historically black Protestant churches , according to the study . Smaller shares of African Americans identify with evangelical Protestantism ( 14 % ) , Catholicism ( 5 % ) , mainline Protestantism ( 4 % ) and Islam ( 2 % ) .","Roughly eight - in - ten ( 79 % ) African Americans self - identify as Christian , as do seven - in - ten whites and 77 % of Latinos , according to Pew Research Center ’s 2014 Religious Landscape Study . Most black Christians and about half of all African Americans ( 53 % ) are associated with historically black Protestant churches , according to the study . Smaller shares of African Americans identify with evangelical Protestantism ( 14 % ) , Catholicism ( 5 % ) , mainline Protestantism ( 4 % ) and Islam ( 2 % ) .","","",""
mturk_charts/no_data/multi_col/5717.png,"African Americans are more religious than whites and Latinos by many measures of religious commitment . For instance , three - quarters of black Americans say religion is very important in their lives , compared with smaller shares of whites ( 49 % ) and Hispanics ( 59 % ) ; African Americans also are more likely to attend services at least once a week and to pray regularly . Black Americans ( 83 % ) are more likely to say they believe in God with absolute certainty than whites ( 61 % ) and Latinos ( 59 % ) .",same,"What ethnicity group is most likely to believe in God?",answer1,"For instance , three - quarters of black Americans say religion is very important in their lives , compared with smaller shares of whites ( 49 % ) and Hispanics ( 59 % ) ; African Americans also are more likely to attend services at least once a week and to pray regularly . Black Americans ( 83 % ) are more likely to say they believe in God with absolute certainty than whites ( 61 % ) and Latinos ( 59 % ) .","For instance , three - quarters of black Americans say religion is very important in their lives , compared with smaller shares of whites ( 49 % ) and Hispanics ( 59 % ) ; African Americans also are more likely to attend services at least once a week and to pray regularly . Black Americans ( 83 % ) are more likely to say they believe in God with absolute certainty than whites ( 61 % ) and Latinos ( 59 % ) .","","",""
mturk_charts/no_data/multi_col/5721.png,"There were wide gaps across the two major parties : 55 % of Democratic members and 34 % of Republican members made posts about the topic . In both parties , the shares of women who discussed sexual misconduct on Facebook were 30 percentage points larger than the shares of men who did so .",same,"How's the misconduct issue talked about among legislators?",answer1,"There were wide gaps across the two major parties : 55 % of Democratic members and 34 % of Republican members made posts about the topic . In both parties , the shares of women who discussed sexual misconduct on Facebook were 30 percentage points larger than the shares of men who did so .","There were wide gaps across the two major parties : 55 % of Democratic members and 34 % of Republican members made posts about the topic . In both parties , the shares of women who discussed sexual misconduct on Facebook were 30 percentage points larger than the shares of men who did so .","","",""
mturk_charts/no_data/multi_col/5726.png,"Adults who live in someone else ’s household typically live with a relative . Today , 14 % of adults living in someone else ’s household are a parent of the household head , up from 7 % in 1995 . Some 47 % of extra adults today are adult children living in their mom and/or dad ’s home , down from 52 % in 1995 . Other examples of extra adults are a sibling living in the home of a brother or sister , or a roommate .",same,"What percentage of adults living in someone else's household are likely to be a parent of the household head?",answer1,"% of adults living in someone else ’s household are a parent of the household head , up from 7 % in 1995 .","% of adults living in someone else ’s household are a parent of the household head , up from 7 % in 1995 .","","Today 14",""
mturk_charts/no_data/multi_col/5727.png,"Majorities of Americans say the federal government does not provide enough help for older people ( 65 % ) , poor people ( 62 % ) and the middle class ( 61 % ) . By contrast , nearly two - thirds ( 64 % ) say the government provides too much help for wealthy people .",same,"Describe the trend of people believe the government provides too much for wealthy people?",answer1,"nearly two - thirds ( 64 % ) say the government provides too much help for wealthy people .","nearly two - thirds ( 64 % ) say the government provides too much help for wealthy people .","","",""
mturk_charts/no_data/multi_col/5728.png,"There are partisan differences in views of government support for all groups included in the survey . However , the gap is somewhat narrower in views of government help for older people than for other groups . While 73 % of Democrats and Democratic - leaning independents say the federal government does not do enough for older people , a smaller majority of Republicans ( 58 % ) say the same . The partisan gap is much wider in views of government help for younger people . Nearly seven - in - ten Democrats ( 69 % ) say the federal government does not provide enough help for younger people . Republicans are divided : Nearly equal shares say the government does too little ( 29 % ) and too much ( 27 % ) for younger people , while 36 % say it provides about the right amount of help . In addition , there are sizable age differences in views of government help for younger people – but not in how much the government does for older people . A majority of those younger than 50 ( 58 % ) say the government does not do enough for younger people , compared with 44 % of those 50 and older . Nearly identical shares of those under 50 ( 65 % ) and those 50 and older ( 66 % ) say the federal government does not do enough for older people .",same,"What does different age group think about government assistant?",answer2,"A majority of those younger than 50 ( 58 % ) say the government does not do enough for younger people , compared with 44 % of those 50 and older","A majority of those younger than 50 ( 58 % ) say the government does not do enough for younger people , compared with 44 % of those 50 and older","","",""
mturk_charts/no_data/multi_col/5729.png,"The partisan divide in views of government aid for the poor is wider than for other groups . Fully 82 % of Democrats say the federal government does not provide enough help for poor people , compared with just 36 % of Republicans . About as many Republicans say the government does too much for the poor ( 33 % ) as say it does too little ; 27 % say the help the government provides is about right . Democrats and Republicans also differ in their attitudes about the help the government provides to wealthy people . A large majority of Democrats ( 77 % ) say the federal government provides too much help to the wealthy . As with views about government help to the poor , Republicans are divided . Nearly half of Republicans ( 46 % ) say the federal government provides too much help for wealthy people , 42 % say it provides about the right amount , while 6 % say it does not provide enough help .",same,"What is the partisan views on federal government helping poor people?",answer2,"Fully 82 % of Democrats say the federal government does not provide enough help for poor people , compared with just 36 % of Republicans . About as many Republicans say the government does too much for the poor ( 33 % ) as say it does too little ; 27 % say the help the government provides is about right","Fully 82 % of Democrats say the federal government does not provide enough help for poor people , compared with just 36 % of Republicans . About as many Republicans say the government does too much for the poor ( 33 % ) as say it does too little ; 27 % say the help the government provides is about right","","",""
mturk_charts/no_data/multi_col/5730.png,"Nearly half of Republicans with incomes under $ 40,000 ( 47 % ) say that the government does not provide enough assistance for poor people . This is considerably higher than those who make between $ 40,000 and $ 75,000 or $ 75,000 or more ; only about three - in - ten in these income brackets say that poor people do not receive enough assistance ( 32 % and 28 % , respectively ) .",same,"What portion of Republicans say that the government does not provide enough assistance for the poor?",same,"Nearly half of Republicans with incomes under $ 40,000 ( 47 % ) say that the government does not provide enough assistance for poor people","Nearly half of Republicans with incomes under $ 40,000 ( 47 % ) say that the government does not provide enough assistance for poor people","","",""
mturk_charts/no_data/multi_col/5735.png,"Terrorism and global threats : Defending against terrorism continues to rank among the public ’s leading priorities for the president and Congress , with nearly three - quarters ( 73 % ) saying it is a top priority .",same,"What is the public's top priority for congress?",answer1,"Defending against terrorism continues to rank among the public ’s leading priorities for the president and Congress , with nearly three - quarters ( 73 % ) saying it is a top priority .","Defending against terrorism continues to rank among the public ’s leading priorities for the president and Congress , with nearly three - quarters ( 73 % ) saying it is a top priority .",".","",""
mturk_charts/no_data/multi_col/5738.png,"Race relations : Nearly a year into Trump ’s presidency , a majority of Americans ( 60 % ) say his election has worsened race relations in the United States . Three - in - ten say Trump ’s election has not made a difference when it comes to race relations , and just 8 % say his election has made them better . Just after Trump ’s election in 2016 , nearly half of Republican voters ( 48 % ) said they expected his election to lead to improved race relations . Roughly a year later , just 17 % of Republicans say it has . Meanwhile , about eight - in - ten Democratic voters ( 83 % ) say Trump ’s election has made race relations worse , little different than the share who expected his election to lead to worse race relations in November 2016 ( 81 % ) .",same,"What is the public opinion about Trump's election leading to worse race relations in the US ?",new_answer,"Nearly a year into Trump ’s presidency , a majority of Americans ( 60 % ) say his election has worsened race relations in the United States . Three - in - ten say Trump ’s election has not made a difference when it comes to race relations , and just 8 % say his election has made them better . Just after Trump ’s election in 2016 , nearly half of Republican voters ( 48 % ) said they expected his election to lead to improved race relations . Roughly a year later , just 17 % of Republicans say it has . Meanwhile , about eight - in - ten Democratic voters ( 83 % ) say Trump ’s election has made race relations worse , little different than the share who expected his election to lead to worse race relations in November 2016 ( 81 % ) .","Nearly a year into Trump ’s presidency , a majority of Americans ( 60 % ) say his election has worsened race relations in the United States . Three - in - ten say Trump ’s election has not made a difference when it comes to race relations , and just 8 % say his election has made them better . Just after Trump ’s election in 2016 , nearly half of Republican voters ( 48 % ) said they expected his election to lead to improved race relations . Roughly a year later , just 17 % of Republicans say it has . Meanwhile , about eight - in - ten Democratic voters ( 83 % ) say Trump ’s election has made race relations worse , little different than the share who expected his election to lead to worse race relations in November 2016 ( 81 % ) .","","",""
mturk_charts/no_data/multi_col/5750.png,"A new national survey by Pew Research Center of 1,503 adults , conducted Jan. 10 - 15 , 2018 , finds that strengthening the economy continues to rank among the public ’s leading priorities ( 71 % top priority ) , along with defending against terrorism ( 73 % ) and improving the educational system ( 72 % ) . However , fewer view the economy as a top priority than did so four ( 80 % ) or eight ( 83 % ) years ago . Over the same period , the share rating improving the job situation as a top priority also has declined ; 62 % say this today , its lowest point in a decade . In 2014 , 74 % viewed the job situation as a top priority and 81 % did so in 2010 . Reducing the budget deficit also has declined among the public ’s policy priorities . Currently , just 48 % say cutting the deficit should be a top policy priority for the president and Congress , down from 63 % in 2014 . A year earlier , in 2013 , the share citing the deficit as a top priority was high as at any point in the past two decades ( 72 % ) .",same,"Describe about Public policy priorities for 2018 ?",new_answer,"A new national survey by Pew Research Center of 1,503 adults , conducted Jan. 10 - 15 , 2018 , finds that strengthening the economy continues to rank among the public ’s leading priorities ( 71 % top priority ) , along with defending against terrorism ( 73 % ) and improving the educational system ( 72 % ) . However , fewer view the economy as a top priority than did so four ( 80 % ) or eight ( 83 % ) years ago . Over the same period , the share rating improving the job situation as a top priority also has declined ; 62 % say this today , its lowest point in a decade . In 2014 , 74 % viewed the job situation as a top priority and 81 % did so in 2010 . Reducing the budget deficit also has declined among the public ’s policy priorities . Currently , just 48 % say cutting the deficit should be a top policy priority for the president and Congress , down from 63 % in 2014 . A year earlier , in 2013 , the share citing the deficit as a top priority was high as at any point in the past two decades ( 72 % ) .","A new national survey by Pew Research Center of 1,503 adults , conducted Jan. 10 - 15 , 2018 , finds that strengthening the economy continues to rank among the public ’s leading priorities ( 71 % top priority ) , along with defending against terrorism ( 73 % ) and improving the educational system ( 72 % ) . However , fewer view the economy as a top priority than did so four ( 80 % ) or eight ( 83 % ) years ago . Over the same period , the share rating improving the job situation as a top priority also has declined ; 62 % say this today , its lowest point in a decade . In 2014 , 74 % viewed the job situation as a top priority and 81 % did so in 2010 . Reducing the budget deficit also has declined among the public ’s policy priorities . Currently , just 48 % say cutting the deficit should be a top policy priority for the president and Congress , down from 63 % in 2014 . A year earlier , in 2013 , the share citing the deficit as a top priority was high as at any point in the past two decades ( 72 % ) .","","",""
mturk_charts/no_data/multi_col/5754.png,"The goal of addressing drug addiction has increased in importance among members of both parties . Nearly half of Republicans ( 47 % ) say that dealing with addiction should be a top priority ; this is up 15 points since early last year , when only about third ( 32 % ) of Republicans prioritized this issue .",same,"Please describe the importance of dealing with drug addiction among both parties?",answer1,"drug addiction has increased in importance among members of both parties Republicans ( 47 % ) say that dealing with addiction should be a top priority 15 points since early last year , when only about third ( 32 % ) of Republicans prioritized this issue .","drug addiction has increased in importance among members of both parties Republicans ( 47 % ) say that dealing with addiction should be a top priority 15 points since early last year , when only about third ( 32 % ) of Republicans prioritized this issue .","","",""
mturk_charts/no_data/multi_col/5759.png,"The new survey , conducted Jan. 10 - 15 among 1,503 adults , finds that 29 % say the tax law will have a mostly positive effect on them and their families , while nearly as many ( 27 % ) say its effect will be mostly negative . A third say the law will not have much of a personal impact . Opinions also are divided about the tax law ’s impact on the country as a whole : 35 % say the law will have a mostly positive effect on the country , 40 % a mostly negative effect and 15 % say it will have little effect .",same,"What is the general opinion about the effect of tax laws on the country?",same,"Opinions also are divided about the tax law ’s impact on the country as a whole : 35 % say the law will have a mostly positive effect on the country , 40 % a mostly negative effect and 15 % say it will have little effect","Opinions also are divided about the tax law ’s impact on the country as a whole : 35 % say the law will have a mostly positive effect on the country , 40 % a mostly negative effect and 15 % say it will have little effect","","",""
mturk_charts/no_data/multi_col/5760.png,"Assessments of the law over the coming years vary widely by income as well . People with family incomes of $ 75,000 or more say the tax law ’s personal impact will be more positive than negative . Those with lower incomes have less favorable expectations for the law . Nearly four - in - ten ( 38 % ) of those with incomes of at least $ 100,000 say the law will have a mostly positive personal impact , while just 20 % expect negative effects ( 35 % say it will not have much effect ) . Among those with incomes of $ 75,000-$99,999 , 44 % say the law ’s personal impact will be mostly positive compared with 19 % who say it will be mostly negative ; 30 % expect not much of an effect .",same,"Compare the opinions about tax law to people of different income levels.",answer1,"People with family incomes of $ 75,000 or more say the tax law ’s personal impact will be more positive than negative . Those with lower incomes have less favorable expectations for the law . Nearly four - in - ten ( 38 % ) of those with incomes of at least $ 100,000 say the law will have a mostly positive personal impact , while just 20 % expect negative effects ( 35 % say it will not have much effect ) . Among those with incomes of $ 75,000-$99,999 , 44 % say the law ’s personal impact will be mostly positive compared with 19 % who say it will be mostly negative ; 30 % expect not much of an effect","People with family incomes of $ 75,000 or more say the tax law ’s personal impact will be more positive than negative . Those with lower incomes have less favorable expectations for the law . Nearly four - in - ten ( 38 % ) of those with incomes of at least $ 100,000 say the law will have a mostly positive personal impact , while just 20 % expect negative effects ( 35 % say it will not have much effect ) . Among those with incomes of $ 75,000-$99,999 , 44 % say the law ’s personal impact will be mostly positive compared with 19 % who say it will be mostly negative ; 30 % expect not much of an effect","","",""
mturk_charts/no_data/multi_col/5761.png,"Among Republicans , in particular , there are sizable income differences in expectations for the law ’s personal impact . A majority ( 62 % ) of Republicans and Republican leaners with incomes of $ 75,000 or more say the tax law will have a mostly positive impact on them and their families . That compares with 50 % of Republicans with incomes between $ 40,000 and $ 74,999 and 43 % of those with incomes below $ 40,000 . Majorities of Republicans across income categories say the law will have a mostly positive impact on the country in coming years .",same,"Compare the opinions about tax law to Republicans of different income levels.",answer1,"A majority ( 62 % ) of Republicans and Republican leaners with incomes of $ 75,000 or more say the tax law will have a mostly positive impact on them and their families . That compares with 50 % of Republicans with incomes between $ 40,000 and $ 74,999 and 43 % of those with incomes below $ 40,000 . Majorities of Republicans across income categories say the law will have a mostly positive impact on the country in coming years","A majority ( 62 % ) of Republicans and Republican leaners with incomes of $ 75,000 or more say the tax law will have a mostly positive impact on them and their families . That compares with 50 % of Republicans with incomes between $ 40,000 and $ 74,999 and 43 % of those with incomes below $ 40,000 . Majorities of Republicans across income categories say the law will have a mostly positive impact on the country in coming years","","",""
mturk_charts/no_data/multi_col/5762.png,"Overall , personal understanding of the tax law ’s impact varies only modestly across demographic groups . However , those with more education feel they understand how the law might affect them better than those with less education . Partisan differences in understanding are modest : Republicans and Republican leaners ( 71 % ) are only somewhat more likely than Democrats and Democratic leaners ( 65 % ) to say they understand very or somewhat well how the law might affect them .",same,"How does partisans understand how tax law affects them?",answer1,"Partisan differences in understanding are modest : Republicans and Republican leaners ( 71 % ) are only somewhat more likely than Democrats and Democratic leaners ( 65 % ) to say they understand very or somewhat well how the law might affect them .","Partisan differences in understanding are modest : Republicans and Republican leaners ( 71 % ) are only somewhat more likely than Democrats and Democratic leaners ( 65 % ) to say they understand very or somewhat well how the law might affect them .","","",""
mturk_charts/no_data/multi_col/5765.png,"Much of the recent growth in the foreign - born black population has been fueled by African migration . Between 2000 and 2016 , the black African immigrant population more than doubled , from 574,000 to 1.6 million . Africans now make up 39 % of the overall foreign - born black population , up from 24 % in 2000 . Still , roughly half of all foreign - born blacks living in the U.S. in 2016 ( 49 % ) were from the Caribbean , with Jamaica and Haiti being the largest source countries .",same,"What percentage of Africans make up the foreign-born black population?",answer2,"Africans now make up 39 % of the overall foreign - born black population , up from 24 % in 2000 . Still , roughly half of all foreign - born blacks living in the U.S. in 2016 ( 49 % ) were from the Caribbean , with Jamaica and Haiti being the largest source countries","Africans now make up 39 % of the overall foreign - born black population , up from 24 % in 2000 . Still , roughly half of all foreign - born blacks living in the U.S. in 2016 ( 49 % ) were from the Caribbean , with Jamaica and Haiti being the largest source countries","","",""
mturk_charts/no_data/multi_col/5766.png,"Overall , black immigrants ( 28 % ) are somewhat less likely than the overall U.S. population ( 31 % ) to have a college degree or more , but black immigrants from Africa are more likely than Americans overall to have a college degree or higher . But educational attainment varies widely by country of origin . For example , 59 % of foreign - born blacks from Nigeria have a bachelor ’s or advanced degree – a share that is roughly double that of the overall population . By comparison , just 10 % of black immigrants from Somalia have earned at least a bachelor ’s degree .",same,"How likely are black immigrants from Africa more likely to have a college degree than Americans?",answer2,"Overall , black immigrants ( 28 % ) are somewhat less likely than the overall U.S. population ( 31 % ) to have a college degree or more , but black immigrants from Africa are more likely than Americans overall to have a college degree or higher","Overall , black immigrants ( 28 % ) are somewhat less likely than the overall U.S. population ( 31 % ) to have a college degree or more , but black immigrants from Africa are more likely than Americans overall to have a college degree or higher","","",""
mturk_charts/no_data/multi_col/5768.png,"Remittance flows decreased worldwide for a second consecutive year in 2016 , the first back - to - back decline in over three decades , according to recently released data from the World Bank . Remittances to Latin America and the Caribbean , however , rose to a record high . Globally , migrants sent an estimated $ 574 billion to their home countries in 2016 , a 1.4 % drop from 2015 . But in Latin America and the Caribbean – together making up a region where many people say economic conditions are bad – remittances rose to $ 74.3 billion , a 7.4 % increase from the previous year ( $ 69.2 billion ) . Europe was the only other region in the world to see an increase , and it was a much smaller one ( up 0.9 % ) .",same,"How much approximately do migrants send back to their home countries?",same,"Globally , migrants sent an estimated $ 574 billion to their home countries in 2016 , a 1.4 % drop from 2015","Globally , migrants sent an estimated $ 574 billion to their home countries in 2016 , a 1.4 % drop from 2015","","",""
mturk_charts/no_data/multi_col/5774.png,"As in the past , there are wide religious differences in Middle East sympathies . White evangelical Protestants continue to overwhelmingly sympathize with Israel : 78 % say this , while just 5 % sympathize more with the Palestinians . Other religious groups sympathize more with Israel than the Palestinians , though by much smaller margins . Religiously unaffiliated people are divided : 29 % sympathize more with the Palestinians , 26 % more with Israel and 24 % say they side with both or neither .",same,"What are the views of religiously unaffiliated people on differences between Israel and Palestinians?",answer2,"Religiously unaffiliated people are divided : 29 % sympathize more with the Palestinians , 26 % more with Israel and 24 % say they side with both or neither .","Religiously unaffiliated people are divided : 29 % sympathize more with the Palestinians , 26 % more with Israel and 24 % say they side with both or neither .","","",""
mturk_charts/no_data/multi_col/5776.png,"Opinions of Israel ’s prime minister , Benjamin Netanyahu , are basically unchanged from last year . About as many say they have a favorable view ( 31 % ) as an unfavorable opinion ( 28 % ) of Netanyahu ; 41 % express no opinion of Israel ’s prime minister .",same,"What do people think about Benjamin Netanyahu?",new_answer,"About as many say they have a favorable view ( 31 % ) as an unfavorable opinion ( 28 % ) of Netanyahu ; 41 % express no opinion of Israel ’s prime minister .yearyear AboutAbout","About as many say they have a favorable view ( 31 % ) as an unfavorable opinion ( 28 % ) of Netanyahu ; 41 % express no opinion of Israel ’s prime minister .","","","yearyear AboutAbout"
mturk_charts/no_data/multi_col/5775.png,"At this early point in his term , a plurality ( 42 % ) of Americans say that Trump is “ striking the right balance ” when it comes to Middle East policy . Three - in - ten ( 30 % ) say Trump favors Israel too much , while just 3 % say Trump favors the Palestinians too much ; 25 % do not offer an opinion . Today , nearly half of Democrats ( 46 % ) say Trump favors Israel too much , while just 21 % say he is striking the right balance . In 2010 , more Republicans said Obama supported the Palestinians too much ( 38 % ) than said he struck the right balance .",same,"What do people think about president's action on Middle East Policy?",new_answer,"a plurality ( 42 % ) of Americans say that Trump is “ striking the right balance ” when it comes to Middle East policy . Three - in - ten ( 30 % ) say Trump favors Israel too much , while just 3 % say Trump favors the Palestinians too much ; 25 % do not offer an opinion .","a plurality ( 42 % ) of Americans say that Trump is “ striking the right balance ” when it comes to Middle East policy . Three - in - ten ( 30 % ) say Trump favors Israel too much , while just 3 % say Trump favors the Palestinians too much ; 25 % do not offer an opinion .","","",""
mturk_charts/no_data/multi_col/5778.png,"Among Americans who are employed or have been looking for work , increased outsourcing of jobs to other countries tops the list of trends they say have hurt their job or career . Three - in - ten say this is the case , compared with roughly one - in - five ( 22 % ) who say the same about the growing number of immigrants working in the U.S. and 20 % who blame a rise in imports . Overall , however , majorities say these factors have n’t made much difference in their job or career .",same,"What has hurt Americans jobs or careers?",answer2,"Among Americans who are employed or have been looking for work , increased outsourcing of jobs to other countries tops the list of trends they say have hurt their job or career .","Among Americans who are employed or have been looking for work , increased outsourcing of jobs to other countries tops the list of trends they say have hurt their job or career .",".","",""
mturk_charts/no_data/multi_col/5779.png,"Men are more likely than women to say these three trends have hurt them personally . Some 36 % of men point to outsourcing as having a detrimental effect on their job or career , compared with 24 % of women . Men also are more likely than women to say the growing number of immigrant workers has harmed their careers ( 26 % vs. 17 % ) and that having more foreign - made products sold in the U.S. has been a negative ( 24 % vs. 15 % ) . Racial and ethnic differences emerge as well . For example , a quarter of whites and 21 % of blacks say the growing number of immigrants has hurt their job or career , compared with just 11 % of Hispanics . Among whites , those without a college degree are far more likely than those with more education to say that increased outsourcing of jobs to other countries ( 39 % vs. 24 % ) and a rise in imports ( 30 % vs. 13 % ) have hurt their job or career . When it comes to the impact of immigration , 42 % of whites with no college experience say it has hurt them personally ; 26 % of those with some college and an even smaller share of white college graduates ( 12 % ) say the growing number of immigrants has hurt their job or career . ( Educational differences among blacks and Hispanics can not be analyzed due to small sample sizes . )",same,"What portion of blacks and whites blames increasing numbers of immigrants for hurting their jobs or careers?",answer2,"a quarter of whites and 21 % of blacks say the growing number of immigrants has hurt their job or career , compared with just 11 % of Hispanics","a quarter of whites and 21 % of blacks say the growing number of immigrants has hurt their job or career , compared with just 11 % of Hispanics","","For example",""
mturk_charts/no_data/multi_col/5780.png,"Among whites there is also a gender gap on views of workplace diversity : While 27 % of white women say a growing emphasis on diversity has helped them in their job or career , only 19 % of white men say the same . Similarly , 37 % of white women , compared with 20 % of white men , say women ’s increased labor force participation has been beneficial for their own job or career . White women who are college graduates are particularly likely to see more women in the workforce as helpful : Half say this has had a positive impact on their job or career , while 27 % of those without a college degree say the same . When it comes to the growing emphasis on workplace diversity , blacks and Hispanics are about twice as likely as whites to say this has helped their job or career ( 45 % and 43 % respectively vs. 23 % ) . Among whites , these views vary by education : 31 % of white college graduates say this has helped them personally , compared with 17 % of non - college whites .",same,"Compare what white women and men think about diversity helping on career.",answer1,"While 27 % of white women say a growing emphasis on diversity has helped them in their job or career , only 19 % of white men say the same . Similarly , 37 % of white women , compared with 20 % of white men , say women ’s increased labor force participation has been beneficial for their own job or career .","While 27 % of white women say a growing emphasis on diversity has helped them in their job or career , only 19 % of white men say the same . Similarly , 37 % of white women , compared with 20 % of white men , say women ’s increased labor force participation has been beneficial for their own job or career .",". Similarly 37 compared with 20 ’s increased labor force participation been beneficial for own .","Among whites there is also gender gap views workplace :",""
mturk_charts/no_data/multi_col/5782.png,"The American public has clear - cut opinions on both issues at the center of the current debate on immigration policy . A large majority ( 74 % ) favors granting permanent legal status to immigrants brought to the U.S. illegally when they were children , but 60 % oppose a proposal to “ substantially expand the wall along the U.S. border with Mexico ” – a longtime goal of President Donald Trump .",same,"What Americans think about immigrants brought to U.S. illegally when children?",answer2,"A large majority ( 74 % ) favors granting permanent legal status to immigrants brought to the U.S. illegally when they were children , but 60 % oppose a proposal to “ substantially expand the wall along the U.S. border with Mexico ” – a longtime goal of President Donald Trump .","A large majority ( 74 % ) favors granting permanent legal status to immigrants brought to the U.S. illegally when they were children , but 60 % oppose a proposal to “ substantially expand the wall along the U.S. border with Mexico ” – a longtime goal of President Donald Trump .","","",""
mturk_charts/no_data/multi_col/5784.png,"By 57 % to 34 % , Republicans younger than 50 support a policy to grant permanent legal status to immigrants who came to the U.S. illegally when they were children . By contrast , Republicans ages 50 and older are evenly divided ( 45 % favor , 45 % oppose ) . There is a similar divide by ideology : Most moderate and liberal Republicans ( 58 % ) support this immigration proposal , while conservative Republicans are split ( 46 % favor , 44 % oppose ) . Republican women are somewhat more likely than men to back this proposal , and Republicans who are college graduates express more support than those who have not graduated from college . While majorities of nearly all Republican groups back substantially expanding the wall along the U.S. border with Mexico , those ages 18 to 49 are less likely to support this policy than those 50 and older ( 60 % compared with 83 % ) . And support for an expended border wall is significantly higher among conservative Republicans ( 81 % ) than among moderates and liberals ( 55 % ) .",same,"Compare the opinions of liberal and conservative Republicans about immigrants who came to U.S. when children.",answer2,"By 57 % to 34 % , Republicans younger than 50 support a policy to grant permanent legal status to immigrants who came to the U.S. illegally when they were children By contrast , Republicans ages 50 and older are evenly divided ( 45 % favor , 45 % oppose ) . There is a similar divide by ideology : Most moderate and liberal Republicans ( 58 % ) support this immigration proposal , while conservative Republicans are split ( 46 % favor , 44 % oppose ) . Republican women are somewhat more likely than men to back this proposal , and Republicans who are college graduates express more support than those who have not graduated from college .","By 57 % to 34 % , Republicans younger than 50 support a policy to grant permanent legal status to immigrants who came to the U.S. illegally when they were children By contrast , Republicans ages 50 and older are evenly divided ( 45 % favor , 45 % oppose ) . There is a similar divide by ideology : Most moderate and liberal Republicans ( 58 % ) support this immigration proposal , while conservative Republicans are split ( 46 % favor , 44 % oppose ) . Republican women are somewhat more likely than men to back this proposal , and Republicans who are college graduates express more support than those who have not graduated from college .","","",""
mturk_charts/no_data/multi_col/5785.png,"While majorities of nearly all Republican groups back substantially expanding the wall along the U.S. border with Mexico , those ages 18 to 49 are less likely to support this policy than those 50 and older ( 60 % compared with 83 % ) . And support for an expended border wall is significantly higher among conservative Republicans ( 81 % ) than among moderates and liberals ( 55 % ) . Opinions about expanding the U.S.-Mexico border wall vary more widely across groups . For instance , 45 % of whites favor expanding the wall , about twice the shares of blacks ( 22 % ) and Hispanics ( 20 % ) .",same,"Describe Republicans support for an expended border wall.",answer2,"While majorities of nearly all Republican groups back substantially expanding the wall along the U.S. border with Mexico , those ages 18 to 49 are less likely to support this policy than those 50 and older ( 60 % compared with 83 % ) . And support for an expended border wall is significantly higher among conservative Republicans ( 81 % ) than among moderates and liberals ( 55 % ) . Opinions about expanding the U.S.-Mexico border wall vary more widely across groups .","While majorities of nearly all Republican groups back substantially expanding the wall along the U.S. border with Mexico , those ages 18 to 49 are less likely to support this policy than those 50 and older ( 60 % compared with 83 % ) . And support for an expended border wall is significantly higher among conservative Republicans ( 81 % ) than among moderates and liberals ( 55 % ) . Opinions about expanding the U.S.-Mexico border wall vary more widely across groups .","","",""
mturk_charts/no_data/multi_col/5790.png,"Fewer Republicans say Trump is obligated to release his tax returns . Nearly six - in - ten Americans ( 57 % ) say Trump has a responsibility to publicly release his tax returns , which is little changed from a year ago ( 60 % ) . However , fewer Republicans say Trump needs to release his returns than did so last year ( 28 % now , 38 % then ) . Democrats continue to overwhelmingly say Trump has an obligation to release his taxes ( 80 % say this ) .",same,"Compare partisans opinions about Trump needs to release his tax returns.",answer1,"fewer Republicans say Trump needs to release his returns than did so last year ( 28 % now , 38 % then ) . Democrats continue to overwhelmingly say Trump has an obligation to release his taxes ( 80 % say this )","fewer Republicans say Trump needs to release his returns than did so last year ( 28 % now , 38 % then ) . Democrats continue to overwhelmingly say Trump has an obligation to release his taxes ( 80 % say this )","","However",""
mturk_charts/no_data/multi_col/5792.png,"By 2015 , eligible immigrants from India had one of the higher naturalization rates ( 80 % ) due to a 12 - percentage - point increase in its naturalization rate since 2005 . Only eligible immigrants from Ecuador ( 68 % in 2015 ) had as large an increase . This is a bigger increase than for U.S. immigrants overall , among whom naturalization rates jumped from 62 % in 2005 to 67 % in 2015 . ( Eligible immigrants from Vietnam , 86 % , and Iran , 85 % , had the highest naturalization rates of any group in 2015 . )",same,"Describe the overall naturalization rate grow in the U.S. in the last years.",answer2,"By 2015 , eligible immigrants from India had one of the higher naturalization rates ( 80 % ) due to a 12 - percentage - point increase in its naturalization rate since 2005 . Only eligible immigrants from Ecuador ( 68 % in 2015 ) had as large an increase . This is a bigger increase than for U.S. immigrants overall , among whom naturalization rates jumped from 62 % in 2005 to 67 % in 2015","By 2015 , eligible immigrants from India had one of the higher naturalization rates ( 80 % ) due to a 12 - percentage - point increase in its naturalization rate since 2005 . Only eligible immigrants from Ecuador ( 68 % in 2015 ) had as large an increase . This is a bigger increase than for U.S. immigrants overall , among whom naturalization rates jumped from 62 % in 2005 to 67 % in 2015","","",""